¡#0,¬#453725,ª#306,¢#2314741
¡#0,¬#62954,ª#432,¢#5034743
¡#0,¬#2697,ª#64551,¢#3911170
¦#0,¡#13,¬#1459434,ª#104956,¢#1296012
¡#0,¬#3196606,ª#7,¢#1292425
¡#0,¬#53,ª#66609,¢#2612088
¡#0,¬#14,ª#315,¢#2678264
¡#0,¬#1674425,ª#594825,¢#1304778
¡#0,¬#181008,ª#26,¢#2497744
¡#0,¬#1097476,ª#7958,¢#2592022
¡#0,¬#3633420,ª#13160,¢#1296012
¡#0,¬#13607,ª#7351,¢#4126433
¡#0,¬#192,®#4062,¬#8447,ª#13,¢#3019805
¡#0,¬#19,ª#1537332,¢#1296017
¡#0,¬#1467145,ª#258095,¢#1296015
¡#0,¬#18449,ª#70315,¢#3194542
¡#0,ª#5467,¢#4487646
¡#0,¬#96695,ª#412460,¢#2169457
¡#0,¬#26,ª#14789,ª#1721036,¬#9,®#7425,¬#151798,ª#5,¢#2588426
¡#0,¬#31,ª#15,¢#3801919
¡#0,¬#1646,ª#2926,¢#3797442
¡#0,¬#640,ª#52,¢#2764177
¡#0,¬#423485,ª#3192880,¢#1296019
¡#0,¬#25,ª#450951,¢#2745963
¦#0,¡#87874,¬#8,ª#52,¢#2592018
¡#0,¬#834,®#345587,ª#265102,¢#3110069
¡#0,¬#410,ª#20283,ª#1,¢#2658182
¡#0,¬#83363,®#1131019,®#0,¬#80946,ª#500771,¢#2592045
¡#0,¬#430041,®#581149,ª#1208191,¢#1296013
¡#0,ª#25,¢#3802022
¡#0,¬#364610,ª#2572,¢#2401310
¡#0,¬#15,®#86719,¬#493671,ª#8,¢#3888064
¡#0,¬#813,ª#27994,¢#4727159
¡#0,¡#18,®#67593,¬#1036125,®#9,¬#774720,ª#15,¢#1296024
¡#0,¬#1013813,ª#183910,¢#2604328
¡#0,¬#21,®#2682584,ª#339338,¢#1296027
¡#0,¬#27,ª#5340,¢#3019246
¡#0,¬#27,ª#1722764,¢#1296017
¡#0,¡#3688137,¬#8,ª#5,¢#1296017
¡#0,ª#3392,¢#3971551
¡#0,¬#265,ª#2358637,¢#1296017
¡#0,¬#205,®#14,®#61,¬#863713,ª#20,¢#4230523
¡#0,¬#23,ª#17,¢#2851453
¡#0,¬#115,ª#665908,¢#3131894
¡#0,¬#267755,®#33,ª#664264,¬#274828,®#505,ª#776538,¢#2601547
¡#0,¡#20762,®#61,¬#853442,ª#14,¢#2595622
¡#0,¬#90180,ª#2868,¢#3046237
¡#0,¬#32,ª#2644,¢#3972265
¡#0,¬#11,ª#775092,¢#3884450
¡#0,¬#12,ª#26,¢#5094480
¡#0,¬#271638,ª#69291,¢#2337664
¡#0,¬#83,ª#425734,¢#2252818
¦#0,¡#1860,¬#926252,ª#3440,¢#3215837
¡#0,¬#28,ª#82929,¢#3891605
¡#0,¡#1096,¬#26854,®#69645,¬#74436,£#23,ª#612279,¢#2592026
¡#0,¬#3461,ª#104,¢#3193692
¡#0,¬#1029190,ª#168673,¢#2592023
¡#0,¬#236177,®#83993,¬#3546115,ª#21,¢#1296012
¡#0,¬#421,ª#22345,¢#5075266
¡#0,¬#4538,ª#60518,¬#22436,®#67263,¬#104835,ª#94,¢#2937692
¡#0,¬#108772,ª#607245,¢#2139348
¦#0,¡#1535487,¬#98709,ª#1384,¢#1296011
¡#0,¬#35,ª#272,¢#4493048
¡#0,¬#17,ª#7900,¢#3185765
¡#0,¬#2199,ª#670988,¢#4424921
¡#0,¬#3124,ª#44,¢#4492411
¡#0,¬#71678,ª#2101,¢#3724666
¡#0,¬#32,®#19331,¬#521393,ª#11,¢#3264286
¡#0,¬#60,®#1046,¬#2153286,ª#2058,¢#1296020
¡#0,¬#11,ª#507,¢#2847209
¡#0,ª#5792,ª#0,¢#2846029
¦#0,¡#182,¬#6,ª#8,¢#2851145,¢#0
¡#0,¡#2098,¬#7,ª#181754,¢#3618077
¡#0,¬#160,ª#17,¢#3801875
¡#0,¬#20,®#160169,¬#358421,ª#108,¬#1460618,ª#15532,¢#2592588
¡#0,¬#509434,®#97928,ª#600162,¢#1644319
¡#0,¬#5449,ª#645,¢#3191075
¡#0,¬#24,®#630,¬#1045,®#1603,¬#1201840,ª#50,¢#1724706
¡#0,¬#823,ª#29,¢#2681474
¡#0,¬#17691,ª#27,ª#0,¢#2660732
¡#0,¬#2454,ª#503,¢#5091341
¦#0,¡#8,¬#107,®#455958,¬#232479,ª#27,¢#3636873
¡#0,¬#485,ª#11,¢#2678197
¡#0,¬#239130,®#535246,¬#2231346,ª#16,¢#1296015
¡#0,¬#635326,ª#499012,¢#1544487
¡#0,¬#56916,ª#491,¢#4525637
¡#0,¬#2068,ª#538426,¢#2138468
¡#0,¬#9103,ª#105,¢#4307565
¡#0,¬#184646,ª#75066,¢#2418938
¡#0,¡#250887,ª#50,¢#3554545
¡#0,¬#1048750,ª#6,¢#2756661
¡#0,¬#169,ª#4578,¢#3196088
¡#0,ª#26,¢#3801829
¡#0,¬#1066058,ª#8,¢#2735639
¡#0,¬#156521,®#13739,ª#242622,ª#2,¢#2508314
¡#0,¬#4721,ª#61,¢#3797359
¡#0,¡#70621,¬#1006,ª#77290,¢#3653129
¡#0,¬#424852,ª#504342,¢#4171913
¡#0,¡#15,¬#99754,ª#193,¢#4997994
¡#0,¬#883550,®#88577,ª#424577,¢#3007181
¡#0,¬#762,ª#37,¢#3891635
¡#0,¬#588,ª#4811,¢#2673580
¡#0,¬#13462,ª#1426,¢#3790746
¡#0,ª#98544,¢#2756791
¡#0,¬#354225,ª#280,¢#2583628
¦#0,¡#60298,¬#343330,ª#132,¢#2793141
¡#0,¬#87379,®#33,¬#1280721,ª#6,¢#1296012
¡#0,¬#173586,ª#136,¢#3718377
¡#0,¬#11,ª#68632,¢#2609834
¡#0,¡#902,¬#87772,ª#9,¢#3712990
¡#0,¬#4082,ª#855712,¢#2591338
¡#0,¬#169227,ª#2077358,¢#1296023
¡#0,¬#167527,®#348276,¬#161799,®#3513,¬#15880,ª#12,¢#3891629
¡#0,¬#96363,ª#36,¢#3705499
¡#0,¬#31,ª#957422,¢#3090562
¬#0,ª#67298,¢#2611378
¡#0,¬#7677,ª#1040,¢#2669908
¡#0,¬#7478,ª#416496,¢#2427360
¡#0,¬#11,ª#166221,¢#3635961
¡#0,¬#173331,®#961487,¬#83506,ª#3313,¢#2666942
¡#0,¬#184,®#3799,¬#605725,ª#12,¢#2588425
¡#0,¬#173613,ª#1532876,¢#1296016
¡#0,¬#7632,ª#7646,¢#3963295
¡#0,¬#23,ª#112,¢#3196727
¡#0,ª#682539,¢#1996294
¡#0,¡#2427,¬#33,ª#84418,¢#2591773
¡#0,¬#1062986,ª#6,¢#2592026
¡#0,¡#22,¬#8,ª#4,¢#3020779
¡#0,¬#29,ª#366327,¢#3086403
¡#0,¬#96,ª#851,¬#232229,®#282779,¬#681239,ª#718,¢#1649959
¬#0,®#2494,¬#338041,ª#66,ª#1,¢#2676164
¡#0,¬#268647,®#590804,ª#13089,¢#3114881
¡#0,¬#188705,ª#246912,¢#2243068
¡#0,ª#73,¢#3197110
¡#0,ª#83847,¢#4063485
¡#0,¬#18,ª#152337,¢#2525981
¡#0,¬#18,ª#271621,¢#3530331
¡#0,¬#61106,ª#32,¢#3744149
¡#0,ª#5822,¢#4573758
¡#0,¡#93344,¬#18,ª#58933,¢#3739431
¡#0,¡#418496,¬#770240,ª#15,¢#2592015
¡#0,¬#1405491,ª#238499,¢#1296013
¡#0,¬#320936,ª#56,¢#3480776
¡#0,¬#8619,ª#1700625,¢#1296013
¡#0,¬#519840,ª#679764,¢#1479395
¡#0,¬#1133,ª#8,¢#3886715
¡#0,¬#68045,ª#355279,¢#2255623
¡#0,¡#516923,¬#7,ª#6,¢#3720778
¡#0,ª#68850,ª#1,¢#3733287
¡#0,¬#80,ª#613075,¢#2065639
¡#0,¬#17,ª#495380,¢#3302228
¡#0,¬#21,ª#87963,¬#339426,ª#3009702,¢#1296021
¡#0,¬#620053,ª#61,¢#3441095
¡#0,¬#1361898,ª#30,¢#1296016
¡#0,¬#1044479,ª#10,¢#2757569
¡#0,¬#3305,®#18,¬#368945,ª#8,¢#3366891
¡#0,¡#88132,¬#13,ª#3711435,¢#1296022
¡#0,¡#874,¬#74846,ª#2345420,¢#1296019
¡#0,¬#62691,ª#78295,¢#2538007
¡#0,¬#153526,ª#999,¢#3643809
¡#0,¬#43,ª#12770,¢#3789324
¦#0,¡#26,¬#389,ª#5012,¢#2846232
¬#0,ª#1902863,¢#1296014
¡#0,¬#36,®#3162,®#3479,¬#257139,ª#175367,¢#2499736
¦#0,¡#92,¡#52,¬#419,ª#18482,¢#3779378
¡#0,¬#2405,®#614970,ª#2353989,¢#1296014
¡#0,¬#969,ª#5898,¢#2840992
¡#0,¬#1732710,ª#281,¢#1296019
¦#0,¡#15,¬#35,ª#859,¢#3800818
¡#0,®#96179,¬#1876081,®#14,¬#454663,ª#76977,¢#1296011
¡#0,ª#31,¢#4324216
¡#0,¬#43,®#6793,¬#347316,ª#7,¬#66778,ª#99288,¢#2678843
¡#0,¡#21,¬#340611,ª#2242,¢#2508894
¡#0,¬#19,ª#633,¢#5097388
¡#0,¬#38,ª#10825,¢#4652941
¡#0,¬#18,ª#15844,¢#3181224
¡#0,¬#2022,ª#3289,¢#3796857
¡#0,¡#19,¬#23,ª#622882,¢#2664419
¡#0,¬#421,ª#1320,¢#3195389
¡#0,¬#7803,ª#938,¢#2842796
¡#0,¬#59392,ª#8,¢#2705948
¡#0,¬#6975,ª#1543,¬#4174,®#5367,¬#72682,ª#13,¢#2933057
¡#0,¬#1825,ª#228501,¢#2966876
¡#0,¬#7,ª#1664,¢#3281614
¡#0,¬#63719,ª#15512,¢#3207822
¡#0,¬#36,ª#83,¢#3805572
¡#0,¬#1890158,®#26869,ª#1124859,¢#1296026
¡#0,¬#350462,ª#437,¢#3450754
¡#0,¬#34,®#777252,¬#1555795,ª#17,¢#1296011
¡#0,¡#627,¬#283091,ª#72,¢#3172344
¡#0,¬#1811386,®#413,¬#255388,ª#9,¢#1296014
¡#0,¬#2294,ª#2051851,¢#1296023
¡#0,¡#9598,¬#15016,®#706,¬#69605,ª#1483,¢#3705639
¡#0,¬#15,®#81414,¬#1487770,ª#14,¢#1296019
¡#0,¡#1219841,¬#7,ª#508412,¢#1296018
¡#0,¬#1486425,ª#6,¢#1296020
¡#0,¬#12,ª#4037,¢#2674389
¡#0,¬#423546,ª#90,¬#1220758,ª#75859,¢#1296011
¡#0,¡#148779,¬#93906,ª#12171,ª#734,¢#2426587
¡#0,¬#24,®#232421,¬#95218,ª#15,¢#2672573
¡#0,¬#20,ª#45,¢#3197178
¡#0,ª#93801,¢#3881039
¡#0,¬#18,ª#78255,¢#2772920
¡#0,ª#1560409,ª#0,¢#1296024
¡#0,¬#1807151,®#1287385,ª#439758,¢#1296014
¡#0,¬#273922,ª#7,¢#4824190
¡#0,¬#430105,ª#18,¢#4752676
¡#0,®#92,ª#81666,ª#5,¢#2851628
¡#0,¡#149,¬#1410749,ª#1124789,¢#1296026
¡#0,¡#6318,¬#333531,ª#12,¢#4761820
¡#0,¬#2057308,ª#32,¢#1296012
¡#0,¬#1211008,ª#1787104,¢#1292414
¡#0,¡#374635,¬#63708,ª#8,¢#2413078
¡#0,¬#10,®#6178,¬#14181,ª#49,¢#3176642
¡#0,¡#18,¬#10026,®#59005,®#3,¬#2332462,ª#1230635,¢#1296015
¡#0,¬#66821,¬#880,ª#1864,¢#4510070
¡#0,¬#9,ª#3884,¢#4143853
¡#0,¬#53,ª#1045702,¢#1805570
¡#0,¬#85486,®#11,¬#1028143,ª#7,¢#1565345
¡#0,¬#245433,ª#2175152,¢#1296026
¡#0,¬#1198887,ª#27,¢#2775980
¡#0,¬#83596,ª#50,¢#3718307
¡#0,¬#21,®#275397,¬#329380,ª#10,¢#2592029
¡#0,¬#7,ª#686680,ª#1,¢#2041908
¡#0,®#411997,¬#1116669,ª#7,¢#1322790
¡#0,¡#65,¬#67846,ª#2960,¢#2607984
¡#0,¬#22,ª#117,¢#3802084
¡#0,¬#105837,ª#322003,¢#3374363
¡#0,¬#359890,ª#161,¢#2595631
¡#0,¬#78175,ª#3072,¢#2769843
¡#0,¬#8,ª#1008,¢#2850661
¡#0,¡#2652,¬#19115,ª#345668,¢#2919809
¡#0,¬#2152,®#615636,ª#2353359,¢#1296010
¡#0,¬#510929,ª#542827,¢#3097496
¡#0,¬#3269423,ª#7,¢#1296015
¡#0,¬#84162,ª#772,¢#3717162
¡#0,¬#1978180,ª#12,¢#1296019
¡#0,¬#23,ª#266755,¬#600,ª#192699,¢#3687277
¡#0,¡#13,¬#65813,ª#6,¢#2611157
¡#0,¬#66577,ª#1551,¢#5029951
¡#0,¬#682024,ª#39,¢#3120141
¡#0,¬#939440,ª#257137,¢#2864164
¦#0,¡#171273,¬#21,ª#1752124,ª#3,¢#1296007
¡#0,¬#2446394,ª#39,¢#1296020
¡#0,¬#10884,®#70,¬#955291,ª#14,¢#1885149
¡#0,¬#387,ª#6,¢#4582791
¡#0,¬#404777,ª#87,¢#3396821
¦#0,¡#59745,¬#6544,ª#973143,¢#2762265
¡#0,¬#31,®#4931,®#263094,¬#2307354,ª#64,¢#1296019
¡#0,¬#94171,ª#61,¢#2587850
¡#0,¡#10,¬#162874,ª#7115,¢#3632057
¡#0,¬#8,ª#10,¢#2679041
¡#0,¬#12,ª#62572,¢#2961682
¡#0,¬#17849,ª#497522,¢#2339514
¡#0,¬#361134,®#72048,ª#88898,¢#3023021
¡#0,¬#722096,ª#493347,¢#2592025
¡#0,¬#35,ª#74059,¢#3900592
¡#0,¬#23407,ª#498,¢#3774284
¡#0,¡#93,¬#413,ª#11211,¢#2836220
¡#0,¬#69,ª#13044,¢#3961577
¡#0,¬#21,®#209,¬#91622,ª#39,¢#4143573
¡#0,¬#31,ª#60405,¢#3744984
¡#0,¡#413903,¬#11534,ª#105,¢#3376261
¡#0,¬#485968,ª#30179,¢#2248131
¡#0,¬#14,ª#1657,¢#2677268
¡#0,¬#953547,®#189493,¬#584330,ª#9,¢#1296013
¡#0,¬#596,ª#19286,¢#2659062
¡#0,¬#1125135,ª#22296,¢#2831040
¡#0,¬#238009,ª#3631,¢#2779140
¡#0,¬#19,ª#2877851,ª#1,¢#1296011
¡#0,¬#20313,ª#582870,ª#0,¢#2252244
¡#0,¡#16,¬#415939,ª#5800,¢#2429732
¡#0,¬#174630,®#346019,¬#757405,ª#11,¢#3622937
¡#0,¬#74,®#568,¬#2733,ª#8,¢#3797125
¡#0,¬#22,®#279261,¬#602333,ª#8,¢#2399341
¡#0,¬#262248,ª#3364737,¢#1296018
¡#0,¬#63,ª#83534,¢#5014564
¡#0,¬#861047,®#7,¬#521901,ª#50,¢#1296008
¡#0,¬#11,ª#2565,¢#3281002
¡#0,¬#88968,ª#59161,¢#2530317
¡#0,¡#790,¬#253445,ª#6067,¢#2591248
¡#0,¬#58,ª#354,¢#3805426
¡#0,¬#539570,ª#92300,¢#3346703
¡#0,¬#17,ª#67027,¢#2953882
¡#0,¬#64969,ª#1435,¢#2784896
¡#0,¬#402074,ª#173171,¢#3226451
¡#0,¬#71,ª#16980,¢#4303009
¡#0,¬#17316,ª#241731,¢#3543145
¡#0,¬#1639735,ª#22901,¢#2588420
¡#0,¬#19,ª#1040173,¢#1811274
¡#0,¬#16143,®#253538,®#68824,¬#518443,ª#17,¢#3891627
¡#0,¬#442486,®#177475,ª#348697,¢#2066351
¡#0,¬#28,ª#424219,¢#2772884
¡#0,¬#13499,ª#235492,ª#1,¢#3034617
¡#0,¬#43,ª#25422,¢#4471469
¡#0,¬#331207,®#7350,ª#857306,¢#3121620
¡#0,¬#24,¬#31,®#691472,¬#761362,ª#43,¢#2156631
¡#0,¬#37,ª#935543,¬#1451201,ª#3639,¢#1296019
¡#0,¬#78770,ª#22665,¢#4391443
¡#0,¬#253377,®#1059,ª#608506,¢#1988789
¡#0,¬#173481,ª#1017386,¢#2592029
¡#0,¬#58567,ª#541932,¢#2078465
¡#0,¬#484,ª#66,¢#3196776
¡#0,¬#170777,ª#359379,¢#2753304
¡#0,¬#8681,ª#86334,¢#2756389
¡#0,¬#22,ª#80781,¢#3202844
¡#0,¬#431604,ª#51,¢#2420174
¡#0,¬#1982,ª#66047,¢#3737651
¡#0,¬#1277,ª#318007,¢#3520321
¡#0,¬#12776,ª#384,¢#2665758
¡#0,¬#3194,ª#1872,¢#2846230
¡#0,®#884,¬#1188485,®#2382,¬#2349271,ª#41,¢#1296009
¡#0,¬#354268,®#744,ª#340890,¢#2097062
¡#0,ª#507,¢#2850849
¡#0,¬#158032,ª#1133678,¢#2592020
¡#0,¬#661111,ª#1210852,¢#1296018
¡#0,¬#239745,ª#337894,¢#4520324
¡#0,¬#29441,ª#78923,¢#3116194
¡#0,¬#7528,ª#676940,¢#2167236
¡#0,¬#6247,ª#2544,¢#4743494
¡#0,¬#7,ª#114522,¢#4032974
¡#0,¡#20,¬#442181,ª#158389,¢#2251017
¡#0,¬#97952,®#2490241,¬#1037039,ª#248,¢#1296021
¡#0,®#12137,¬#1958,ª#10,¬#2431,®#2648,¬#232472,ª#93,¢#2512949
¬#0,ª#75,¢#4320109
¡#0,¬#90102,ª#162,ª#0,¢#3797782
¡#0,¬#12,¬#8012,ª#1534686,¢#1296013
¡#0,ª#343933,¢#2507868
¡#0,¬#11,ª#37,¢#3975708
¡#0,¬#17,ª#250883,¢#3723975
¡#0,¬#259796,ª#94506,¬#108052,®#65291,¬#1660457,ª#1865,¢#1296013
¡#0,¬#47,®#2563,¬#335343,®#364930,¬#608621,ª#14,¢#2308162
¡#0,¬#41,ª#7,¢#3802003
¡#0,¬#2416773,®#2571,¬#14492,ª#2803,¢#1296011
¡#0,¬#1319541,ª#143926,¢#1296020
¡#0,¬#102603,ª#1073,¢#3698258
¦#0,¡#6214,¬#493975,ª#110802,¢#2067664
¬#0,ª#721349,¢#1957642
¡#0,¬#230708,ª#25334,¢#4842089
¡#0,¬#270098,ª#1217552,¢#1296016
¡#0,¡#24,¬#249,ª#1507,¢#2849827
¦#0,¡#335417,¬#31,ª#10,¢#2512205
¡#0,¬#1038300,ª#689200,¢#1296016
¡#0,ª#64068,¢#3222822
¡#0,¬#37,ª#4907,¢#2673712
¡#0,¬#640,®#201470,¬#79139,ª#58,¢#2422838
¡#0,¬#459730,®#562,¬#1093526,ª#38,¢#1296014
¡#0,¡#21,¬#19,ª#2738398,¢#1296015
¡#0,¬#522750,ª#657,¢#3623876
¡#0,¬#41,ª#24,¢#3802109
¦#0,¡#285,¬#106105,ª#419,¢#2571693
¡#0,¬#34,ª#1038882,¢#2763015
¡#0,¬#8,ª#1826838,¢#1296016
¡#0,¬#8951,ª#67348,¢#3898516
¡#0,¬#9,ª#289,¢#3801865
¡#0,¬#48,ª#1872426,¢#1296017
¡#0,¬#13582,®#3619,¬#1358599,ª#1005,¢#2592027
¡#0,¬#269078,®#937459,ª#265267,ª#3,¢#1648387
¡#0,¬#56311,ª#198514,¢#2424100
¡#0,¬#86449,®#1748056,¬#152640,ª#309,¢#1551823
¡#0,¬#801543,ª#461,¢#1876959
¡#0,¡#437,¬#3955,ª#42,¢#5093786
¡#0,¬#383,®#743664,®#20,¬#1735966,ª#6,¢#1296012
¡#0,¬#497544,ª#699585,¢#2954128
¡#0,¬#2071335,ª#7,¢#1296011
¡#0,¡#19,¬#9,ª#144023,¢#2797598
¡#0,¬#24,ª#20901,¢#2830392
¬#0,ª#616179,¢#3185501
¡#0,¬#41,®#1303986,¬#69570,ª#12,¢#1292407
¡#0,¬#137,ª#69162,¢#2781321
¡#0,¬#19505,ª#3639642,¢#1296016
¡#0,¬#28,ª#3122,¢#2675426
¡#0,®#107297,¬#410743,ª#604150,¢#1729620
¡#0,¬#494587,ª#98847,¢#2085188
¡#0,¬#23,ª#1205222,¢#1469942
¡#0,¬#22,ª#7052,¢#4140481
¡#0,¬#227584,®#788213,¬#1227802,ª#1011653,¢#1296012
¦#0,¡#26,¬#27,ª#13,¢#3805278
¡#0,¬#695968,ª#1353,¢#4403941
¡#0,¬#76113,ª#3940,¢#2598530
¡#0,¡#1055958,¬#332801,ª#196,¢#1296022
¡#0,¡#179598,¬#6,®#270376,ª#62110,¢#2216862
¡#0,¬#28429,ª#1125533,¢#2644400
¡#0,¬#30778,ª#64490,¢#2928936
¡#0,¡#12,¬#670874,ª#26443,¢#1981512
¡#0,¡#1200311,¬#7,®#710175,¬#502560,ª#23,¢#2592028
¡#0,¬#345730,ª#274439,¢#3354274
¡#0,¬#1195,®#425233,¬#6427,ª#1269937,¢#2592021
¡#0,¬#41,®#189515,¬#236857,ª#1908,¢#2264024
¡#0,®#855159,¬#511466,ª#14511,¢#2491627
¡#0,¬#25,®#614582,¬#2499622,ª#1252,¢#1296012
¡#0,¬#34,ª#1721734,¢#2592022
¡#0,¬#31,ª#83228,¢#3200420
¡#0,¡#17,¬#19661,ª#86192,¢#2918339
¡#0,¬#435178,ª#39,¢#3539482
¡#0,¡#234,¬#2152,ª#24,¢#5099172
¡#0,¬#23,ª#1048,¢#4757229
¡#0,¬#410373,ª#188,¢#2267939
¡#0,¬#67,ª#7498,¢#2844128
¡#0,¬#1943,®#108761,®#2,¬#771065,ª#26,¢#2588422
¡#0,¬#18,ª#13876,¢#4047315
¡#0,¬#152471,®#114,¬#365914,ª#10,¢#2159926
¡#0,¬#10,ª#1304080,¢#1374792
¡#0,¡#476,¬#68562,ª#12,ª#682189,¢#3047226
¡#0,¬#2865,ª#4,¢#2676043
¡#0,¬#34,ª#347229,¢#3454974
¡#0,¬#12479,®#86405,ª#88913,¢#2579824
¦#0,¡#29,¬#376,ª#1571950,¢#1296014
¡#0,¬#289,ª#16038,¢#3270754
¡#0,¬#727,®#32,¬#2864388,ª#29,¢#1296020
¡#0,¬#170677,ª#439712,¢#3191410
¡#0,¬#3725,ª#511187,¢#4586582
¡#0,¬#14,ª#365,¢#5097341
¡#0,¬#6437,ª#355,¢#3276458
¡#0,¬#443213,ª#162010,¢#3542091
¡#0,¡#22275,¡#175091,¬#11,ª#78417,¢#3525962
¡#0,¬#103159,ª#858,¢#3701281
¡#0,¬#10,ª#12,¬#14660,®#431,¬#2243441,ª#7,¢#1296015
¡#0,¬#1147378,ª#78603,¢#2921622
¡#0,¬#31,®#77647,¬#2944262,ª#13,¢#1296017
¡#0,¬#57,¬#283,ª#832,¢#2763948
¡#0,¬#87977,ª#520876,¢#2674551
¡#0,¬#2252354,ª#11122,¢#1296016
¡#0,¬#15304,ª#2126,¢#3179960
¡#0,¬#520032,ª#68751,¢#3904506
¡#0,¬#6183,ª#96163,¢#3098162
¡#0,¬#4543,ª#26700,¢#2647624
¡#0,¬#21,ª#4674,¢#3278547
¡#0,ª#103785,¢#2575127
¡#0,¬#9509,ª#60710,ª#0,¢#2781010
¡#0,¬#71207,®#1310305,ª#600043,¢#1296944
¡#0,¬#66123,ª#1096,¢#3216148
¡#0,¬#6787,ª#1139031,¢#1532846
¡#0,¬#10,®#1274440,¬#545228,ª#295,¢#2592030
¡#0,¡#627595,¬#860992,ª#6,¢#2592019
¦#0,¡#324435,¡#1,¬#11887,ª#2704,¢#2512578
¡#0,¬#47,ª#6109,¢#3018391
¡#0,¬#157822,®#1799,¬#627482,ª#1637315,¢#1296011
¡#0,¬#5005,ª#78223,¢#4841660
¡#0,¬#18125,®#408805,ª#964234,¢#3029321
¡#0,¡#337055,¬#7,ª#19,¢#3464214
¡#0,¬#597205,ª#339408,¢#1742057
¡#0,¬#1453287,ª#70,¢#2694189
¡#0,¬#65429,ª#425923,¢#2360070
¡#0,¬#182088,ª#245082,¢#2255219
¡#0,¬#15064,ª#205,¢#3786396
¡#0,¬#604710,ª#1058090,¢#1296034
¡#0,¬#56,®#716300,ª#406687,¢#1908134
¦#0,¡#24,¬#27,ª#234106,¢#4867089
¡#0,¡#21,¬#8,ª#80313,¢#2861149
¡#0,¬#319548,ª#1141525,¢#1296014
¡#0,¬#1272,®#61877,¬#356049,ª#19,¢#2842738
¡#0,¬#72362,ª#17527,¬#3613140,ª#17787,ª#0,¢#1296009
¡#0,¬#265188,ª#15873,ª#0,¢#4817133
¡#0,¡#1560,¬#627680,¬#435351,ª#598428,¢#2592024
¡#0,¬#28,ª#27440,¢#2651097
¡#0,¬#2512474,ª#6,¢#2592044
¡#0,¬#1641238,ª#34,¢#2592018
¡#0,¬#135,ª#15592,¢#2662949
¡#0,¬#601210,ª#2992,¢#3975372
¡#0,¡#633889,¡#1460638,¬#2336,®#26,¬#850944,®#5,¬#173261,ª#31,¢#1296015
¡#0,¬#16,ª#2789728,¢#1296023
¡#0,¬#95,ª#8,¢#2851503
¡#0,¬#9,ª#88055,¢#3191581
¡#0,¡#3084,¬#10,ª#14,¢#2848671
¡#0,¡#116,¡#3809719,¡#4,¬#40,ª#59,¢#1296011
¦#0,¡#45,¬#345,ª#171573,¢#3025415
¡#0,¬#70747,ª#11892,¢#3895820
¡#0,¬#166,ª#744,¢#3196349
¡#0,¬#2189560,ª#9,¢#2592020
¡#0,¬#181864,ª#5,¢#3623570
¡#0,¬#438840,®#773886,ª#2100741,¢#1466322
¡#0,¬#1485,ª#418,¢#3281419
¡#0,¬#1212815,ª#341236,¢#1296022
¡#0,¬#15,ª#7755,¢#2840364
¡#0,¬#6021,®#4338,ª#1365627,¢#1296010
¡#0,¬#182712,®#178,ª#156809,¢#2445666
¡#0,¬#23717,ª#243,¬#1029835,ª#509165,¢#1296014
¡#0,¡#16,¬#112025,ª#235,¢#3689352
¡#0,¬#16,ª#55,¢#5094530
¦#0,¡#49,¬#12,ª#20,¢#3802122
¡#0,¡#892,¬#232,ª#261001,¢#4836081
¡#0,¡#448648,¬#6,ª#929847,¢#1296011
¡#0,¬#617703,£#64719,©#11,©#78241,ª#1822406,¢#1300865
¡#0,¬#57,ª#68,¢#4234006
¡#0,¬#565,ª#3288961,¢#1296011
¡#0,¬#19,ª#386,¢#3535707
¡#0,¬#22,ª#604665,¢#4140354
¡#0,¬#891,ª#15971,¢#3266655
¦#0,¡#242,¬#598849,ª#224,¢#3199148
¡#0,¬#168605,ª#23393,¢#2486760
¡#0,¬#589,ª#1119951,¢#1730910
¬#0,ª#522571,¢#3452438
¡#0,¬#238556,ª#350633,¢#3472027
¡#0,¬#22,ª#31,¢#2768949
¡#0,¬#25,ª#136,¢#3283396
¡#0,¬#1488869,ª#71699,¢#1296012
¡#0,¬#17,ª#4269,¢#3884007
¡#0,¬#5612,ª#1111620,¢#3984579
¡#0,¡#1298376,¬#6,¬#601650,ª#105,¢#1296013
¡#0,¬#1905752,ª#869,¢#1296014
¡#0,¬#240087,ª#18047,¢#4843314
¡#0,¬#1037657,®#2199,¬#1377257,ª#5,¢#2588419
¡#0,¬#169292,ª#93,¢#2509576
¡#0,¬#77735,ª#700488,¢#1900505
¡#0,¡#1508,¬#3334,ª#1468,¢#3799422
¡#0,¬#13794,ª#409771,¢#2428046
¡#0,¬#2526018,ª#4,¢#2592025
¡#0,¬#58,ª#27433,¢#2651247
¡#0,¬#130,ª#180,¢#5097698
¡#0,¡#89576,¡#1,¬#1104748,ª#616686,¢#2592022
¡#0,¬#605661,ª#1226947,¢#1296011
¡#0,¬#362045,ª#9,¢#3439583
¡#0,¬#160471,ª#64,¢#2518238
¡#0,ª#88022,¢#2763467
¡#0,¬#169211,®#1031386,®#16755,ª#58317,¢#1407471
¡#0,¡#41,¬#1940,ª#175473,¢#3628416
¡#0,¬#226922,®#626622,®#246510,¬#452394,®#11,¬#12,ª#72,¢#1296018
¡#0,¬#15,ª#84379,¢#5013723
¡#0,ª#2379,¢#2676174
¡#0,¬#58082,ª#91468,ª#1797,¬#2138,ª#951134,¢#1574250
¡#0,¬#100018,ª#2341555,¢#1296011
¡#0,¬#6658,®#507428,ª#75576,¢#3888022
¡#0,¬#18,£#16,ª#3548789,¬#19,£#6,ª#193,¢#1292408
¡#0,¬#2154936,®#127,¬#11498,ª#11,¢#1292414
¡#0,¬#11,ª#160169,¢#3817940
¦#0,¡#53887,¬#354937,ª#79,¢#3565221
¡#0,¬#45,ª#536837,¢#3174981
¡#0,¡#549,¬#5813,ª#15,¢#3968143
¡#0,¬#70476,®#2677148,¬#608426,ª#12,¢#1296020
¡#0,¬#57,ª#606573,¢#2676893
¡#0,¬#176,ª#1997,¢#4141646
¡#0,¡#237649,¬#172759,ª#12589,¢#3724710
¡#0,¬#337,ª#92571,¢#3709274
¡#0,¬#672,ª#22,¢#3801539
¡#0,¬#520535,ª#79726,¢#3201923
¡#0,¬#16,ª#8,¢#2851376,¢#0
¡#0,¬#865777,ª#773,¢#4235002
¡#0,¬#344448,ª#534309,¢#1886072
¡#0,¬#221,®#1707611,¬#779186,ª#13,¢#1296016
¡#0,¬#868396,ª#343955,¢#1466674
¡#0,¬#287074,ª#2401996,¢#1296015
¡#0,¬#22029,®#1125619,®#504897,¬#875404,ª#10,¢#1292418
¡#0,ª#11441,ª#0,¢#3013030
¡#0,¬#88902,®#32,¬#328967,ª#1528,¢#2259479
¡#0,¬#17,ª#403485,¢#3396176
¡#0,¬#649,ª#6780,¢#3449091
¡#0,¬#451,ª#1182,¢#2767105
¡#0,¬#65494,ª#1758347,¢#2588418
¡#0,¡#262606,¬#44,®#338606,¬#4281,ª#9,¢#2081197
¡#0,¡#1393859,¬#6,ª#226714,¢#1296020
¡#0,¬#2479347,ª#377922,¢#1296011
¡#0,¬#30,®#6462,¬#80538,ª#9,¢#3964521
¡#0,¬#187,ª#500,¢#5180450
¡#0,¬#421554,®#179,ª#2163838,¢#1296019
¡#0,¬#641,ª#5563,¢#4486960
¡#0,¬#3132,ª#669,¢#3797964
¡#0,¬#14,¬#114,¬#500847,®#2762,®#15268,¬#258345,ª#223,¢#3628391
¡#0,¡#1633,¬#9523,ª#93827,¢#3873322
¡#0,¬#100,ª#344573,¢#3802839
¡#0,¡#87,¡#0,¬#1258,®#1549259,ª#10183,¢#1358277
¡#0,®#88467,¬#6445,®#21,¬#78321,ª#112,¢#2595627
¡#0,¬#186819,®#505354,ª#1653548,¢#1296011
¡#0,¬#16,ª#5,¢#2848115
¡#0,¬#88801,ª#2244,¢#4492172
¡#0,¬#56,ª#1281080,¢#3884428
¡#0,¬#18,ª#15,¢#2678610
¡#0,¬#1096181,ª#180763,¢#2438812
¡#0,¬#344968,®#84621,¬#169417,ª#3177,¢#3891638
¡#0,¬#354388,®#21,¬#1223238,ª#11,¢#1296012
¡#0,¡#425,¬#228701,ª#9758,¢#2443635
¦#0,¡#26,¬#8,ª#634230,¢#3168082
¡#0,¡#70174,¬#12,ª#265687,¬#1454140,®#367813,¬#1723959,ª#16,¢#1296020
¡#0,¡#1035590,¬#5,ª#929815,¢#1296020
¡#0,¬#81090,ª#65329,¢#2532263
¡#0,¬#14,®#1349,¬#2246024,ª#158968,¢#1299617
¡#0,¡#213,¬#68,ª#60316,¢#3745225
¡#0,¬#1200,ª#1103,¢#4145171
¡#0,¬#12677,ª#93,¢#3789258
¡#0,¬#159248,ª#12328,¬#6748,ª#63703,¢#3732473
¡#0,¬#42,®#412421,¬#1730044,ª#6,¢#2523398
¡#0,¬#1884707,ª#58,¢#1296013
¡#0,¬#235,®#1200397,¬#178842,ª#12,¢#1478255
¡#0,¬#83733,ª#858758,¢#3713895
¡#0,¬#30,®#90256,¬#3103855,ª#622,¢#1296011
¡#0,¬#325091,ª#1560120,¢#1296016
¡#0,¬#258637,ª#612798,¢#1980088
¡#0,¡#6,¬#6,ª#450793,¢#3351244
¡#0,¬#161915,ª#4060,¢#2512687
¡#0,¬#1629118,ª#788593,¢#1296017
¡#0,¬#438165,ª#92217,¢#2148107
¡#0,¬#836,ª#1921046,¢#3089647
¡#0,¬#11,ª#8,¢#4147234
¡#0,¬#60267,ª#699449,¢#3045790
¦#0,¡#425,¬#22,ª#664,¢#3973467
¡#0,¬#260621,ª#36,¢#2504501
¡#0,ª#1037875,¢#2764188
¡#0,¬#166178,®#29,¬#1238510,ª#134,¢#1296020
¡#0,¬#149,ª#25923,¢#5072003
¡#0,¬#2709,ª#426948,¢#3891632
¡#0,¬#61710,ª#94173,¢#3127431
¡#0,¡#13,¬#500632,ª#81594,¢#2269256
¡#0,¡#98302,¬#7416,ª#244132,¢#2847509
¡#0,¬#36,®#621745,¬#2251032,ª#9,¢#1296016
¡#0,¬#1476843,ª#21,¢#1296020
¡#0,¡#13,¬#18,£#10,ª#1571038,¢#1296013
¡#0,¬#18,®#961889,¬#1530023,ª#25,¢#1832207
¡#0,¬#702261,®#448675,ª#1618392,¢#1474214
¡#0,¬#295,ª#12192,¢#2666400
¡#0,¡#12163,¬#9,®#58627,¬#115064,ª#22,¢#2592014
¡#0,¬#469,ª#2633,¢#3975451
¡#0,¬#351347,ª#2964,¬#54651,®#1421,¬#2481,ª#112,¢#3388943
¡#0,¬#271547,ª#78,¢#4826590
¡#0,¡#76619,¬#8126,®#69,ª#12420,¢#3704560
¡#0,¬#12,®#29,¬#1460808,ª#12,¢#1728570
¡#0,¬#31,®#94721,¬#591579,ª#12,¬#1562602,®#82789,¬#16520,ª#8,¢#1296011
¡#0,¬#24008,ª#1888800,¢#1296014
¡#0,¬#6797,ª#84,¢#5087392
¡#0,¡#16,¬#430132,®#264,ª#1291975,¢#1296017
¡#0,¬#5776,ª#77356,¢#2595704
¡#0,¬#5811,ª#3620,¢#3565781
¡#0,¬#1037089,ª#433543,¢#1296010
¡#0,¡#16,¬#520147,®#2001016,ª#677531,¢#1296019
¬#0,®#75796,ª#2251037,¢#2657063
¡#0,ª#253178,¢#2425276
¡#0,¬#29,ª#48,¢#2851212
¡#0,¬#21,ª#435398,¢#3366319
¡#0,¬#258810,ª#3871,¢#3193512
¡#0,¬#453344,®#682821,ª#602880,¢#1718448
¡#0,¡#58047,¬#614007,ª#963,¢#4425195
¡#0,¬#149,ª#11010,ª#1,¢#3013135
¦#0,¡#9,¬#35,®#976,¬#1832534,ª#89,¢#1296016
¡#0,¬#193965,®#58967,ª#461158,¢#3084194
¡#0,¬#600302,ª#1831222,¢#2592022
¡#0,¬#342668,«#84,¬#82321,®#33,¬#41,ª#8,¢#3807949
¡#0,¬#39,®#357,¬#1712536,ª#11,¢#2592015
¬#0,®#85161,ª#787662,¢#1902573
¡#0,ª#435,¢#3023761
¡#0,¡#174388,ª#9,¢#3804263
¡#0,¬#24,£#73882,ª#2094688,¬#231330,ª#21319,¢#1296016
¡#0,¡#439933,¬#24,ª#690596,¢#1720735
¡#0,¬#417979,ª#19,¢#3384186
¡#0,¬#322,®#336942,¬#878080,ª#23,¢#2511027
¡#0,¡#4266,¡#1,¬#152871,ª#1749,ª#0,¢#4424165
¡#0,¬#105857,ª#2439,¢#2746712
¡#0,¬#33,ª#11039,¢#2836947
¡#0,¬#24,®#83077,¬#522649,¬#510652,®#10053,¬#13951,®#239,¬#1290735,ª#66,¢#1296014
¡#0,¬#578543,ª#8,¢#2104019
¡#0,¡#329725,¬#521628,ª#14937,¢#1812295
¡#0,¬#28,ª#455610,¢#3346210
¡#0,¬#17,ª#6865,¢#3276637
¡#0,¬#1195912,ª#6,¢#1483096
¡#0,¬#32,ª#3121,¢#3799050
¡#0,ª#241054,ª#1,¢#2437942
¡#0,¬#6256,ª#10225,¢#2661976
¡#0,¬#7,ª#7,¢#4143845
¡#0,¬#10057,ª#610532,¢#3181486
¡#0,¬#11,ª#12378,¢#3962449
¡#0,¬#19,ª#674736,¢#4423267
¡#0,¬#24,ª#3939,¢#2674953
¡#0,¬#522649,®#21895,¬#1278260,ª#9,¢#2083385
¡#0,¬#1650122,®#27,¬#1187215,®#38,¬#6084,®#5,¬#12,®#9,¬#599453,ª#8,¢#1296008
¡#0,¬#25,ª#143,¢#2678634
¡#0,¬#247144,ª#1087,¢#4849728
¡#0,¬#23,ª#17,¢#3801902
¡#0,¬#112,ª#8640,¢#3796812
¡#0,¬#24060,ª#50,¢#2658270
¡#0,¬#3109028,ª#391,¢#1296020
¡#0,¬#89299,ª#441,¢#2592709
¡#0,¬#492969,®#974356,ª#351116,¢#2592020
¡#0,¬#519983,®#71292,¬#619556,ª#9,¢#3891626
¡#0,¬#1037465,ª#143966,¢#2620488
¡#0,¡#20,¬#8152,®#500,¬#2432010,ª#8,¢#1296021
¡#0,¬#1568,ª#25458,¢#3775058
¡#0,¬#64552,ª#363227,¢#3546954
¡#0,¬#43,ª#23,¢#3802100
¡#0,¬#66800,ª#63,¢#2701909
¡#0,¬#32,®#112199,¬#2308603,ª#16,¢#2509249
¡#0,®#36,¬#1642092,ª#1093728,ª#1,¢#1296015
¡#0,¬#5453,ª#107614,¢#2565806
¡#0,¬#10410,ª#558,¢#3963505
¡#0,¬#694269,®#63478,¬#434018,£#3621,ª#511261,¬#192251,ª#73020,¢#1296029
¡#0,¬#22,ª#26417,¢#4293911
¡#0,¬#409585,ª#5693,¬#58,ª#1400,¢#3557712
¡#0,¬#4426,ª#94999,¢#2579375
¡#0,¬#14,ª#145,¢#2851265
¡#0,¬#3351828,®#10,¬#109910,ª#44,¢#1296014
¡#0,¬#37,ª#1205432,¢#1642286
¡#0,¬#329,®#12,¬#61048,ª#9,¢#3740490
¡#0,¬#526448,ª#85,¢#2411158
¡#0,¬#1379998,ª#536,¢#1301548
¡#0,¬#21,®#875,¬#3539872,ª#10,¢#1296018
¡#0,¬#11,ª#4257,ª#1,¢#3970179
¡#0,¬#302,®#28,¬#1475046,ª#58378,¢#2588431
¡#0,¡#165813,¬#2288,ª#18471,¢#4911634
¡#0,¬#597730,ª#599523,¢#2592026
¡#0,¬#1145040,ª#53,¢#2829478
¡#0,¡#1371,¬#87887,®#4481,ª#102242,¢#3880950
¡#0,¬#62155,ª#378593,¢#2238179
¡#0,¡#189016,¬#60050,ª#1148,¢#4851249
¡#0,¬#2149326,ª#385,¢#1296012
¡#0,¬#2521040,®#756,¬#66605,ª#30,¬#441785,ª#86515,¢#1296023
¡#0,¬#11,ª#28,¢#2851746
¡#0,¬#41,ª#95428,¢#2752340
¡#0,¬#1197506,®#931,ª#514062,¢#1296026
¡#0,¬#78624,ª#7757,¢#4492926
¡#0,¡#952723,¬#11,ª#89,¢#1812282
¡#0,¬#23,ª#59192,¢#2792041
¡#0,¬#1361179,ª#90960,¢#2592032
¡#0,¬#278,¬#345,ª#761,¢#2846482
¡#0,¬#2228,ª#95466,¢#2581008
¡#0,¬#9,ª#1632492,¢#1296012
¡#0,¬#2398095,®#236,¬#182025,ª#180,¢#1296010
¡#0,¬#1291,ª#670685,¢#3302924
¡#0,¬#4497,ª#100,¢#4233086
¡#0,¬#262620,ª#496060,¢#2595625
¡#0,¬#9,ª#16199,¬#80549,ª#1027515,¢#2677595
¡#0,¬#17824,ª#78044,¢#3705983
¡#0,ª#674283,¢#4423648
¡#0,ª#20114,ª#0,¢#2835178
¡#0,¬#95022,®#1053656,¬#175,®#639,¬#2400408,ª#11,¢#1479275
¡#0,¬#4005,ª#54,¢#5089986
¡#0,¬#9,ª#585696,¢#2611162
¡#0,¬#22899,ª#9,¢#2746098
¡#0,¬#88326,ª#13,¢#3803618
¡#0,¬#335436,®#336565,ª#5002,¢#2179513
¡#0,¬#595556,®#1234962,ª#1553031,¢#1296008
¡#0,¬#686,ª#498,¢#2677652
¡#0,¬#16,ª#538414,¢#2658639
¡#0,¬#104920,ª#347652,¢#4300858
¡#0,¬#2677644,ª#35,¢#1296016
¡#0,¬#48,ª#1044460,¢#1807068
¡#0,¬#507773,ª#200,¢#3293815
¡#0,¬#330413,®#12,¬#684740,ª#8,¬#22176,®#11,¬#75063,£#8,ª#1198219,¬#518109,ª#120,¢#1296013
¡#0,¬#81556,®#40,¬#357592,ª#42,¢#2239503
¡#0,¬#409731,®#795486,®#517603,ª#98269,¢#1296013
¡#0,¬#22,ª#360053,ª#0,¢#4133056
¡#0,¬#1966510,ª#424,¢#1296019
¡#0,¬#428528,®#1285,ª#353356,¢#2425295
¡#0,¬#8,ª#79,¢#3798209
¡#0,¬#28,ª#339942,¢#3465380
¡#0,ª#94,ª#1,¢#3801991
¡#0,¬#44,ª#254282,¢#2428175
¡#0,¬#54,ª#11218,¢#2836868
¡#0,¬#9985,®#16457,¬#1269091,ª#150,¢#1647339
¡#0,¡#6905,¬#260,ª#76298,¢#4060249
¡#0,¬#12193,ª#20,¢#3184770
¡#0,ª#60,¢#3197133
¡#0,¬#139,®#91,¬#6414,ª#17,¢#3888028
¡#0,¬#603560,ª#5545,¢#3192648
¡#0,¡#526,¬#5,ª#536785,¢#2659823
¡#0,¬#162846,ª#594675,¢#1921022
¡#0,¬#63095,ª#8,¢#3742551,¢#0
¡#0,¡#9163,¬#314608,ª#35,¢#3481629
¡#0,¬#533487,ª#564,¢#2317293
¦#0,¡#1054,¡#73302,¬#12628,®#15,¬#2318263,ª#17,¢#1296015
¡#0,¬#670195,ª#11,¢#3131979
¦#0,¡#5642,¬#9,ª#63604,¢#3214338
¡#0,¬#752,ª#16,¢#3196562
¡#0,¬#31,ª#15663,¢#2659313
¬#0,ª#86724,¬#120,®#8,¬#427182,ª#59,¢#2768539
¡#0,¬#14,ª#8,¢#4061263
¡#0,¬#18,ª#226,¢#3798410
¡#0,¬#421858,ª#20534,¢#2409110
¡#0,¬#28579,ª#251605,¢#2916714
¡#0,¬#463111,¬#3269978,ª#1482,¢#1296018
¡#0,¬#111069,ª#8,¢#3691047,¢#0
¡#0,¬#866357,ª#470,¢#1811813
¡#0,¬#125,®#6150,¬#861217,ª#16,¬#339386,ª#518158,¢#1296014
¡#0,¬#300,ª#71330,¢#3211812
¡#0,¬#523613,®#1037167,¬#2321830,ª#17,¢#1296019
¡#0,¬#2169,ª#87528,¢#5008359
¡#0,¬#45,®#14,¬#2244654,ª#15,¢#1296022
¡#0,¬#25,ª#4236,¢#3970395
¡#0,¬#598,ª#383,¢#3800889
¡#0,¬#3473,®#20,¬#1489874,ª#7,¢#1296010
¡#0,¬#22,ª#498628,¬#607092,ª#81996,¢#1491241
¡#0,ª#103269,¢#2575482
¡#0,¬#10,ª#356809,¢#2930031
¡#0,¬#19,®#89467,¬#64687,ª#2359,¢#2522450
¡#0,¬#8,ª#430274,¢#2421047
¡#0,¬#264183,®#10533,¬#430529,ª#8,¢#2059939
¡#0,¬#16,ª#18055,¢#3784057
¡#0,¬#12,ª#174219,ª#1,¢#2504777
¡#0,¬#2163158,ª#46,¢#1296068
¡#0,¡#505,¬#345722,®#857774,¬#89534,®#325,ª#64016,¢#2770721
¡#0,¬#509,ª#7,¢#3801533
¡#0,¬#20700,ª#63,¢#3781074
¡#0,ª#416051,ª#1,¢#3731578
¡#0,¬#27151,®#146578,ª#1582469,¢#2504584
¡#0,¬#6903,ª#177076,¢#3617707
¡#0,¬#30,ª#27527,¢#4461690
¡#0,¬#760383,®#436028,ª#856663,¢#2592048
¦#0,¡#13797,¬#610032,ª#1197537,¢#2592027
¡#0,¬#81660,ª#6,¢#2596955
¡#0,¬#20,®#1489269,®#585075,¬#88811,ª#13,¢#1296016
¡#0,¬#238,ª#94034,¢#4053182
¡#0,¬#15,ª#23,¢#3805648
¡#0,¬#242,ª#10867,¢#4741335
¡#0,¬#14,ª#3599,¢#3193569
¡#0,¬#1139,ª#69055,¢#3904399
¡#0,¬#701135,ª#57,¢#4396797
¦#0,¡#10339,¡#1,¬#1041737,®#379,ª#345519,¢#1296016
¡#0,¬#71981,ª#288183,¢#3787140
¡#0,¡#459132,¬#244,ª#5,¢#2226151
¡#0,¬#72029,®#1123855,ª#696416,¢#2778872
¡#0,¬#606726,ª#2086,¬#1820659,ª#279,¢#1296013
¡#0,¬#154511,®#165,¬#1025038,ª#531458,¢#1296022
¡#0,¬#150260,ª#3225104,¢#1296015
¡#0,¬#78035,ª#8195,¢#4061202
¡#0,¬#789,®#9162,ª#1275804,¢#1663947
¡#0,¡#622455,¬#11,®#607240,¬#1116888,ª#15,¢#1296014
¡#0,¬#267792,ª#34,¢#2500914
¡#0,¬#345253,ª#11,¢#2423392
¡#0,¡#175134,¬#9,ª#5,¢#3626861
¡#0,¬#11,ª#1331,¢#3195772
¡#0,¬#94,®#9563,¬#1549218,ª#9,¢#1296014
¡#0,¡#4520,¬#585291,®#876577,¬#610416,ª#53,¢#1296012
¡#0,¬#454626,ª#1190735,¢#2592033
¡#0,¬#90963,ª#7,¢#5006954
¡#0,¡#104,¬#324853,ª#89810,¢#2958093
¡#0,¬#8,ª#6,¢#2851321
¡#0,¬#12,ª#6,¢#3801799
¦#0,¡#68717,¬#1474817,ª#17927,¢#2672311
¡#0,¡#607127,¬#25,®#511053,¬#956867,ª#26,¢#1296015
¡#0,¬#27,ª#974,¢#4488528
¡#0,¬#113518,ª#82305,¢#3778950
¡#0,¬#198244,ª#1548594,ª#10,¢#2595615
¡#0,¬#74,ª#11,¢#3805197
¡#0,¬#22,®#234233,¬#4220,®#1204538,¬#364428,ª#11,¢#2588430
¡#0,¬#36,¬#170,ª#2124,¢#4145067
¡#0,¬#141861,®#1202,¬#1124575,ª#6,¢#2592027
¡#0,¬#155176,®#253144,ª#9698,¢#2260994
¡#0,¬#335930,ª#20,¢#3465894
¡#0,¡#624681,¬#15,ª#1880686,¢#1296014
¡#0,¬#1448306,ª#1566776,¢#1296014
¡#0,¬#11202,ª#84,¢#3966849
¡#0,¬#73,ª#22,¬#111,ª#43,¢#2851301
¡#0,¬#784,®#29,®#0,¬#22,ª#8,ª#0,ª#328344,¢#2592026
¡#0,¬#352459,®#916,ª#14725,¢#2498380
¡#0,¬#2239087,ª#96549,¢#1296016
¡#0,¬#234,¬#32,ª#5759,¢#5088577
¡#0,¬#1373801,ª#10335,¢#3713908
¡#0,ª#3610,¢#3798203
¡#0,¬#23,®#579460,¬#441210,®#1560,¬#95899,®#158,¬#90632,ª#90,¢#3888032
¡#0,¬#97343,ª#64710,¢#2516630
¡#0,¬#68236,ª#63,¢#2610708
¡#0,¡#5686,¡#1,¬#143144,ª#180909,¢#2349142
¡#0,ª#8,¢#2851735
¡#0,¬#10338,ª#1023,¢#2667072
¡#0,¡#1316,¡#56690,¬#16,ª#10004,¬#1727716,®#1033163,¬#963716,ª#39,¢#2773
¡#0,¬#9541,ª#43,¢#4138177
¡#0,¬#18829,ª#3529,ª#0,¢#2660054
¡#0,¬#158695,ª#5878,¢#3122448
¡#0,¬#26,ª#9999,¢#4137751
¡#0,¬#80,¬#37,¬#265861,ª#3541634,¢#1296020
¡#0,ª#20264,¢#2658265
¡#0,¬#81866,ª#81764,¢#2777787
¡#0,¡#1010368,¬#5434,ª#97064,¢#2689138
¡#0,¡#2686218,¬#7,ª#4563,¢#1296015
¡#0,¬#1192046,ª#2093881,¢#1187080
¡#0,¬#520395,ª#65,¢#2331303
¡#0,¬#256712,®#7,¬#128,®#7,¬#2164224,ª#5,¢#1296014
¡#0,ª#106120,ª#0,¢#4041307
¡#0,¬#23,ª#90,¢#2678339
¡#0,¬#91910,®#146,¬#601909,ª#13,¢#2587188
¡#0,¬#151889,ª#4507,¢#2522220
¡#0,¬#16,ª#56,¢#3023776
¡#0,¬#160,ª#328386,¢#2526317
¡#0,¬#240096,ª#85,¢#2442096
¡#0,¬#108,ª#67961,¢#2652160
¡#0,¬#2337160,ª#6,¢#1296011
¡#0,¬#21,ª#1875,¢#2676889
¬#0,ª#18535,¢#2660228
¡#0,¬#88,®#30,¬#3434690,ª#484,¢#1296020
¦#0,¡#300,¡#424427,¬#18852,®#421161,¬#2911,ª#44,¢#1986308
¡#0,¡#442,¬#3798,ª#13,¢#2674500
¡#0,¡#12,¬#100671,ª#520034,¬#3734,ª#60271,¢#1994043
¡#0,¬#258351,ª#20,¢#3287706
¡#0,¬#66806,®#3755,¬#10455,®#2714,¬#170558,®#667,¬#495849,ª#115,¬#109625,®#1592,¬#597009,ª#7,¢#1296015
¡#0,¬#23,®#374,¬#526571,®#664693,¬#1389785,ª#92,¬#1209,ª#17099,¢#1296018
¡#0,¬#527093,ª#1218990,¢#1296016
¡#0,¬#17,ª#245,¢#3797957
¡#0,¬#23,ª#518742,¢#3970757
¡#0,¡#352946,¬#84775,ª#819,¢#2758780
¡#0,¬#32,ª#112419,¢#3689927
¡#0,¬#80992,ª#1055,¢#3806181
¡#0,¡#14,¡#601899,¬#106606,®#778566,ª#1443625,¢#1296016
¡#0,¬#2237,ª#815,¢#3802231
¡#0,®#537779,¬#232345,®#5410,¬#1037304,ª#33,¢#1296021
¡#0,¬#1713,ª#61995,ª#567,¢#3222767
¡#0,¬#246557,ª#134,¢#3555231
¡#0,¬#23159,ª#14,ª#0,¢#3947975
¡#0,ª#147,¢#4323952
¡#0,¡#12,¬#49,ª#5,¢#3798472
¡#0,¡#640,¡#10,¬#63637,ª#1919,¬#247463,£#9,ª#8,¬#59,£#5,ª#817,¢#2709475
¡#0,¬#58282,ª#10330,¢#2609930
¡#0,¡#15958,¬#83917,ª#80,¢#3702259
¡#0,¬#914,ª#526,¢#3800445
¡#0,¬#227046,ª#22,¢#3573677
¡#0,¬#72,¬#346,ª#150905,¬#426162,ª#277901,¢#3884436
¡#0,¬#1111277,ª#7,¢#1567172,¢#0
¡#0,¬#108328,ª#36,¢#4039453
¡#0,¬#11477,®#7,¬#5183,ª#9,¢#3957811
¡#0,¡#20,¬#60639,®#8996,¬#511271,ª#173,¢#2609207
¡#0,¡#14,¬#523686,ª#347708,¢#1807249
¡#0,¬#171173,ª#102,¢#3633979
¡#0,ª#33,¢#5098095
¡#0,¬#91581,ª#31,¢#3710527
¡#0,¬#75947,®#3545,ª#1644332,¬#505983,¬#30030,ª#319736,ª#1,¢#1743334
¡#0,¬#27,ª#1299,¢#2850010
¡#0,¬#17,ª#604196,¢#3197584
¡#0,¬#437304,ª#17,¢#2504296
¡#0,¬#7441,ª#532543,¢#3261935
¡#0,¬#62,ª#836,¢#2850512
¡#0,¡#633733,¬#1462948,®#14,¬#240475,ª#198,¬#5245,®#8,¬#12730,ª#34,¢#1296016
¡#0,¬#1162,ª#121,¢#3800693
¡#0,¬#2267,ª#229,¢#5095594
¡#0,¬#781,ª#948596,¢#3198169
¡#0,¬#320204,ª#1141081,¢#1390303
¡#0,¬#693,ª#163687,¢#3115345
¡#0,¬#20,®#5296,¬#1281673,ª#9,¢#2759770
¡#0,¬#4626,ª#73,¢#3797310
¡#0,¡#171328,¬#13,ª#9,¢#3026048
¡#0,ª#2782,¢#2848882
¡#0,¬#25,®#82504,¬#603682,ª#45,¬#837875,ª#3445,¢#1927510
¡#0,¬#431571,ª#8,¢#4061458
¡#0,¬#4281,ª#111004,¢#2563611
¡#0,¬#13,ª#8,¢#3460003
¡#0,¬#1828,ª#60190,¢#2792879
¡#0,¬#345573,ª#9314,ª#0,¢#3450767
¡#0,¬#1280112,ª#270764,¢#1296013
¡#0,¬#13,ª#1930,¢#3022407
¡#0,¬#275762,ª#26,¢#3094012
¡#0,¬#330247,ª#710675,¢#1818244
¡#0,¬#2245862,ª#234041,¢#1296016
¡#0,¬#623132,ª#253485,¢#2925524
¡#0,¬#778608,ª#927088,¢#1296019
¡#0,¬#16853,ª#4,¬#45,£#3,ª#4,¬#22,£#4,ª#11,¢#3785136
¡#0,¬#257291,®#4067,¬#102409,®#2425,¬#1097389,ª#22,¢#2534020
¡#0,¬#90,ª#15,¢#3800598
¡#0,¬#2281,ª#9048,ª#1,¢#2840478
¡#0,¬#507008,ª#93921,¢#3546581
¡#0,¬#40,ª#19687,¢#3958582
¡#0,¬#12,®#400,ª#701030,¬#500251,®#2451,ª#612371,¢#1296015
¡#0,¬#87716,ª#626909,¢#3087053
¡#0,¬#9,ª#3921,¢#2674975
¡#0,¡#590,¬#78108,ª#11,¢#4932976
¡#0,¬#19,ª#88240,¢#3713965
¡#0,¬#63845,ª#18829,¢#2768892
¡#0,¬#66026,ª#43,¢#3732266
¡#0,¬#19,ª#5394,¢#2673279
¡#0,®#6477,¬#2960662,ª#8,¢#1296021
¡#0,¬#32,ª#57,¢#3892065
¡#0,¬#691762,®#257675,¬#15634,®#176868,ª#143602,¢#1671760
¡#0,¬#1436719,ª#847,¢#1296022
¡#0,¡#284099,¬#25,®#4527,®#1,¬#20,ª#20,¢#2476389
¡#0,¬#271350,ª#934772,¢#1472655
¡#0,¬#60,ª#11941,¢#2666743
¡#0,¬#204,ª#72174,¢#2865797
¡#0,¬#76725,ª#3634759,¢#1296011
¡#0,¬#13,ª#3333,¢#2675658
¡#0,¬#6176,ª#46,¢#3018351
¡#0,¡#15,¡#74145,¬#9,ª#62,¢#2604386
¡#0,¬#261,ª#8,¢#3801845
¡#0,¡#2682273,¬#11,ª#343253,¢#1296017
¡#0,¬#22,ª#2292,¢#3799579
¡#0,¬#1626,ª#2073889,¢#2592027
¡#0,ª#322303,ª#1,¢#3655916
¡#0,¬#29,ª#1072,¢#2677827
¡#0,¬#179,ª#10348,¢#3795168
¡#0,¬#226935,ª#558,¢#3833444
¡#0,¡#2154056,¡#1,¬#6,®#333317,¬#88330,ª#14,¢#1296015
¡#0,®#836,ª#630365,¢#2505780
¡#0,¬#1382,ª#190,¢#4149274
¡#0,ª#4838,¢#2673740
¡#0,¬#23,ª#349697,¢#2847347
¡#0,¬#260560,ª#185,¢#3540998
¡#0,¬#91968,ª#360,¢#4400780
¡#0,¬#339751,®#525142,ª#697158,¢#1296011
¡#0,¡#1206297,¬#286,ª#1663266,¢#1292422
¡#0,¬#174856,ª#427694,¢#2076250
¡#0,¬#74402,ª#32,¢#3727363
¡#0,ª#64263,¢#3914279
¡#0,¬#12541,ª#672033,¢#3290372
¡#0,¡#240800,¬#24764,ª#8,¢#2413121
¡#0,¬#2448,ª#12619,¢#2663449
¡#0,¡#17,¬#11,ª#1467639,¢#1299615
¡#0,¬#81663,®#5091,ª#1747352,¢#1900594
¡#0,¬#516,ª#21,¢#3455673
¡#0,¬#94,ª#614651,¢#3888024
¡#0,¬#14,ª#261443,¢#3194823
¡#0,¬#86753,®#243,¬#342088,ª#7,¢#2422458
¡#0,¬#1710,®#20603,¬#64848,ª#11,¢#2605824
¦#0,¡#135,¬#8,ª#1061,¢#2677523
¡#0,¬#16,ª#18905,¢#2836005
¬#0,ª#19593,¢#3782396
¡#0,¡#2878,¬#168911,®#8,¬#106,®#675,¬#3120,ª#23,¢#2503050
¡#0,¬#8517,®#28,®#3201212,ª#234358,¢#1296017
¡#0,ª#4118,ª#1,¢#2674725
¡#0,¬#53,®#97862,¬#73605,®#280260,¬#2139214,ª#59,¢#2415890
¡#0,¬#26,®#69887,¬#349216,ª#8,¢#2781819
¡#0,¬#24,¬#29868,®#454,¬#2567952,ª#54,¢#1643742
¡#0,¬#5250,ª#434735,¢#4056560
¡#0,¬#127,ª#1186465,¢#2615527
¡#0,¬#189717,ª#1010193,¢#1479063
¡#0,¬#258,ª#8303,¢#3793123
¡#0,¡#1205731,¬#3290,ª#21596,¢#1538623
¡#0,¬#27372,®#406710,ª#966208,¢#1726761
¡#0,¬#1216781,ª#5,¢#2592029
¡#0,¬#723,ª#96,¢#3196448
¡#0,¡#3561,¬#415578,ª#9,¢#2432111
¡#0,¡#143802,¬#91,ª#1152,¢#4431130
¡#0,¬#52,ª#1702,¢#4491657
¡#0,¬#2197,ª#72437,¢#4076304
¡#0,¬#698182,ª#6087,¢#3097683
¦#0,¡#44,¬#346268,ª#82346,¬#99765,®#71021,¬#1232833,ª#509,¢#1296017
¡#0,ª#171,¢#3977864
¡#0,¬#17,®#21901,®#1615889,®#0,ª#1386197,¢#1296009
¡#0,ª#19059,¢#3783087
¡#0,¬#17,ª#202478,ª#1,¢#3772273
¡#0,¬#1186186,®#92,¬#516355,ª#8,¢#1296013
¡#0,¬#9,ª#149,¢#4467567
¡#0,®#592373,¬#1566354,®#8,¬#419141,ª#14,¢#2588418
¡#0,ª#24,¢#3974784
¡#0,¬#355404,®#10403,ª#68521,¢#3731208
¡#0,¬#35,ª#166522,¢#3804814
¦#0,¡#18621,¬#65082,ª#9,¬#446775,ª#4729,¢#2316472
¡#0,¬#354365,ª#2032,¬#1545241,ª#258207,¢#1296041
¡#0,¬#12,ª#2353,¢#3975866
¡#0,¬#1361308,ª#3500,¢#1296024
¡#0,¬#768247,®#9185,¬#86692,ª#6,¢#2592023
¡#0,¬#811457,ª#151,¢#4283007
¡#0,ª#259708,¢#4060668
¡#0,¡#928,¬#4316,ª#319,¢#3792476
¡#0,ª#23,ª#0,¢#3024716
¡#0,¬#596,ª#15030,¬#586847,ª#107148,¢#3261576
¬#0,ª#571,¢#2850972
¡#0,¬#10220,ª#9536,¢#2659085
¡#0,¬#20,ª#505207,¢#3296520
¡#0,¬#694,ª#36,¢#3804886
¡#0,¡#283,¬#10,®#18720,ª#582431,¬#530847,ª#1201600,¢#1296006
¡#0,¬#448543,ª#1311,¢#3351978
¡#0,¬#472,ª#18,¬#8153,£#13793,ª#1812512,¢#1296017
¡#0,¬#1912,ª#630,¬#14992,¬#1899595,ª#68151,¢#1296025
¦#0,¡#5601,¬#104,ª#9,¢#3891640
¡#0,¬#1311,ª#63,¢#3800647
¡#0,¬#3080008,ª#22,¢#1296020
¡#0,¬#1472079,ª#947,¢#1296012
¡#0,¬#369740,ª#6,¢#3428343
¡#0,¬#1722,ª#275857,¢#4137259
¡#0,¬#2093,ª#12077,¢#3010272
¦#0,¡#281,¬#21,£#12,ª#3034358,¢#1296015
¡#0,¬#10,ª#93231,¢#3881373
¦#0,¡#2063,¡#960,¬#518904,ª#178,¢#2675041
¡#0,¡#61696,¬#5636,ª#55,¢#2784004
¡#0,¡#1119391,¬#1210671,ª#509,¢#2592017
¡#0,¬#332926,®#872829,ª#896,¢#1473029
¡#0,¬#16,ª#974,¢#2678023
¡#0,¬#1872938,ª#14,¢#1296012
¬#0,ª#91325,¢#3829167
¡#0,¬#9599,ª#2153028,¢#1299617
¡#0,¡#3626453,¬#9,ª#5,¢#1296042,¢#0
¡#0,¬#240677,ª#7277,¢#3553981
¡#0,ª#16828,¢#3958069
¡#0,¬#2660,ª#2982,¢#5090711
¡#0,¬#11383,®#421297,¬#47,ª#1901427,¢#1296014
¡#0,¬#785,£#8,ª#3471593,¢#1292412
¡#0,¬#55918,ª#459305,¢#2335921
¡#0,¬#3749,ª#50,¢#2674378
¡#0,¬#3665,®#4211,¬#11377,ª#4,¢#4128092
¡#0,¬#35,ª#50,¢#4061286
¡#0,¬#1911690,ª#1127,¢#1296018
¡#0,¬#73,ª#90949,¢#3192648
¡#0,¡#17,¬#2770,®#843,¬#12531,ª#27,¬#253925,¬#8799,¬#1112,ª#259168,¢#3448069
¡#0,¬#3614,ª#82891,¢#3200865
¡#0,¬#27,ª#768939,¢#1909778
¡#0,®#545,¬#383,®#9,¬#86287,ª#16,¬#2887,®#53,¬#585278,ª#6,¬#20500,®#65608,¬#1033684,ª#9,¢#1296013
¡#0,¬#166734,®#14756,¬#264146,ª#842349,¢#1649279
¡#0,¬#20,ª#15176,¢#2663402
¡#0,ª#59506,ª#0,¢#5038174
¡#0,¬#14,ª#1485478,¢#1365870
¡#0,¬#21318,ª#496928,¬#15473,ª#4628,¢#2140568
¡#0,¬#151,®#76980,¬#168085,ª#15,¢#2951838
¡#0,¬#63950,ª#7023,¢#2953157
¡#0,¬#41,ª#690704,¢#3107584
¡#0,¬#195772,ª#254299,¢#3351728
¡#0,¬#63615,ª#497,¢#3737766
¡#0,¬#10,ª#27125,¢#2651804
¡#0,¡#501126,¬#559,®#881729,ª#519133,¢#2594649
¡#0,¡#98,¬#10,ª#312,¢#2682097
¡#0,¬#63,ª#1360635,¢#3026682
¡#0,¬#17,¬#32,¬#74039,ª#939,¢#3122481
¡#0,¬#31,®#73919,¬#179262,ª#12,¢#2588428
¡#0,¬#15680,®#509381,¬#1033265,ª#88178,¢#1296018
¡#0,®#316827,¬#1216702,ª#96,¢#2700010
¡#0,¬#11856,ª#14,ª#1,¢#3876364
¡#0,¬#1323541,ª#499078,¢#2592026
¦#0,¡#28,¬#82065,ª#344100,¢#4675242
¡#0,¬#14,ª#54,¢#3024485
¡#0,¡#1344,¬#528810,ª#578691,¢#1566128
¡#0,¬#13,ª#372,¢#3801861
¡#0,¬#320,ª#10,¢#4064612
¡#0,¬#239931,ª#174113,¢#3391350
¡#0,¬#747,®#82033,¬#589301,ª#19017,¢#2580384
¡#0,¬#6083,ª#27,¬#163854,ª#2171767,¢#1296015
¡#0,¬#10,¬#39,¬#63466,ª#278920,¬#586494,ª#66,¬#607547,¬#1010,ª#17550,¢#2592014
¡#0,¬#4310,ª#2541,¢#3276603
¡#0,¬#11,ª#339836,¢#3462207
¡#0,¬#520678,¬#430431,ª#6226,¢#4140934
¡#0,¬#405197,ª#51,¢#2273550
¡#0,¬#457586,ª#54,¢#2393627
¡#0,¬#941,ª#39,¢#4574699
¬#0,ª#915,¢#3282383
¡#0,¬#862,ª#97194,¢#3703992
¡#0,¬#336,ª#5835,¢#3795670
¡#0,ª#13862,¢#3788203
¡#0,¬#584160,ª#62,¢#3909182
¡#0,¬#353,ª#58652,¢#5035088
¡#0,¬#57978,ª#19072,¬#1023418,ª#13829,¢#3884425
¡#0,¬#234505,®#632840,®#1,¬#1289960,ª#12,¢#1299618
¡#0,¬#2678435,ª#101,¢#1296010
¡#0,¬#9450,ª#180190,¢#2939679
¡#0,¬#12,ª#9,¢#3801877
¡#0,¬#629138,ª#2700,¬#68415,®#8,¬#1646641,ª#187417,¢#1292418
¡#0,¬#7,ª#1195,¢#2677730
¡#0,¬#1576,ª#80,¢#3800119
¡#0,¬#20,ª#82922,¢#5015084
¡#0,¬#27461,ª#85,¢#3000595
¡#0,ª#38,¢#3024215
¡#0,¬#84717,®#80918,¬#423563,ª#12,¢#2093271
¡#0,¬#780233,ª#3940,¢#1894732
¡#0,¬#460144,ª#6,¢#3341824
¡#0,¬#244,ª#100,¢#3197017
¡#0,¬#35,ª#419,¢#2850835
¡#0,¬#8,ª#20477,¢#3781537
¡#0,¬#707104,ª#988,¢#1970886
¡#0,¡#599272,¬#352328,ª#164887,¢#1735059
¡#0,¬#581,ª#37,¢#3974395
¡#0,¬#8696,ª#5745,ª#0,¢#2664270
¡#0,¡#16,¬#362678,ª#74190,¢#2414387
¡#0,¬#172,¬#106,ª#3077,¢#2848092
¡#0,¬#338398,ª#1121756,¢#1296016
¡#0,¬#1183393,ª#19250,¬#1199,®#15,¬#237748,ª#10,¢#1296019
¡#0,¡#97,¬#59607,®#2248,¬#525455,ª#21,¢#4571627
¡#0,¬#40,ª#1892009,¢#1296020
¡#0,¡#586487,¬#24,ª#364881,¢#2850499
¡#0,¬#102369,ª#511285,¢#2065006
¡#0,¬#172984,ª#3233,¢#2502740
¡#0,¬#30,ª#3225,¢#5091311
¡#0,¬#62904,¬#432871,®#7788,¬#1832719,ª#9,¬#66280,®#8,¬#1379889,ª#11,¢#1296060
¡#0,¡#1025,¬#172405,ª#19894,¢#3781300
¡#0,¡#34,¬#1475612,ª#25,¢#1296016
¡#0,¡#230257,¬#7,®#25678,¬#666673,ª#16,¢#2879328
¡#0,ª#30,ª#1,¢#3456413
¡#0,¬#10,ª#191,¢#5098004
¡#0,¬#261893,ª#258068,¢#2158880
¡#0,¬#266,¬#1170,ª#183,¢#3800382
¡#0,¬#67160,ª#191878,¢#2419912
¡#0,¬#492800,¬#694245,ª#289,¢#1491351
¬#0,®#1999,ª#1484715,¢#1296011
¡#0,¡#68,¬#3449,ª#235452,¢#3221256
¡#0,¬#24,ª#2605,¢#2675899
¡#0,¬#9,ª#80661,¢#3720990
¡#0,¬#546866,ª#489229,¬#8075,ª#14390,¢#1879571
¦#0,¡#12,¬#25,ª#791123,¢#3010727
¡#0,¬#12,ª#266638,¢#2761529
¡#0,¬#9,ª#2686,ª#0,¢#3280635
¡#0,¬#105,ª#109181,¢#3084045
¡#0,¬#25876,ª#1157,¢#3170180
¡#0,¬#24,ª#427724,¢#3370870
¦#0,¡#60435,¬#461357,ª#581092,¢#2699175
¡#0,¬#64587,ª#1885,¢#3820705
¡#0,¡#1753365,¬#8,ª#5,¢#2592027
¡#0,¬#71798,ª#1208316,¢#1571322
¡#0,ª#1196224,¢#1655208
¡#0,¬#94363,ª#855732,¢#2851967
¡#0,¬#855,ª#1114829,¢#2855552
¡#0,¡#85557,¡#7,¬#29,ª#29,¢#4062102
¡#0,¬#35,ª#9309,¢#2669397
¡#0,¬#340945,ª#956,¢#3805378
¡#0,¬#29,ª#83416,¢#2768247
¡#0,ª#24179,¢#2654760
¡#0,¬#101457,®#8896,¬#3110115,ª#61,¢#1296019
¡#0,¬#13,ª#38,¬#361980,®#268692,¬#336727,ª#47,¢#1710945
¡#0,¬#1146883,ª#54961,ª#26,¢#1646181
¡#0,¬#1639505,ª#4,¢#1296014
¡#0,¬#28,ª#5,¢#3798452
¡#0,¬#88173,ª#36,¢#3713538
¡#0,¬#736,ª#28150,¢#5072817
¡#0,¬#68003,ª#214,¬#85771,®#608,¬#111167,®#10,¬#25,®#1043,ª#1292101,¢#1296014
¡#0,¡#267,¬#73587,ª#33,¢#5027862
¡#0,¬#25,ª#2813,¢#3799079
¡#0,¬#52430,ª#521,¢#3833368
¡#0,¬#21727,ª#592428,¢#3536847
¡#0,¬#10,®#7877,¬#76130,ª#14055,¢#2602616
¡#0,¬#12,®#598,¬#246534,ª#6,¢#3554914
¡#0,¬#500453,ª#6,¢#4597361
¡#0,ª#117,ª#0,¢#2851140
¡#0,¬#651,ª#361599,ª#0,¢#4735757
¡#0,¬#1924,ª#523321,¢#3276750
¡#0,¬#75164,®#877544,ª#681592,¢#1899620
¡#0,¬#14,ª#17,¢#2851517
¡#0,¬#602227,ª#1300498,¢#1296013
¡#0,®#80935,¬#2094464,ª#4,¢#1196568
¡#0,¬#19,ª#174566,¢#3109127
¡#0,¬#157892,®#1210457,ª#974532,¢#1360554
¡#0,¬#192316,ª#2497,¢#3517055
¡#0,¬#522751,®#20133,ª#501022,¢#2592023
¡#0,¬#111,®#58,ª#1396334,¢#1296020
¡#0,¬#2227,ª#16,¢#3972588
¡#0,¬#18,ª#265344,¢#3018264
¡#0,¬#77724,ª#616,¢#3813222
¡#0,¬#14,ª#189811,¢#2488730
¡#0,¬#946669,®#275809,¬#1371628,ª#12556,¢#1296009
¡#0,ª#16682,¢#3785161
¡#0,®#693,¬#231635,®#13,¬#6605,ª#27,¢#2612333
¡#0,¬#147754,ª#3366,¢#2531022
¦#0,¡#43,¬#107229,®#41,¬#510235,®#2002,¬#1387556,ª#268,¢#1296020
¡#0,¬#518170,ª#363370,¬#667500,ª#9709,¢#2588415
¦#0,¡#67179,¬#1136154,ª#31,¢#2775229
¡#0,¬#1099556,ª#20,¢#3047854
¡#0,¬#2248400,ª#20,¢#2592026
¡#0,¬#1828374,ª#427,¢#1296010
¡#0,¬#432307,ª#122,¢#2419150
¡#0,¬#87521,ª#109104,¢#2482221
¡#0,¬#325339,ª#600963,¢#3480979
¡#0,¬#2649,®#6211,¬#2240629,ª#26,¢#1296018
¡#0,¬#199,ª#958429,¢#2843687
¡#0,¬#735,®#784806,¬#1354710,®#23645,ª#1714793,¢#1296017
¦#0,¡#15,¬#17,ª#1137,¢#2673773
¡#0,¬#150391,ª#70,¢#3651239
¡#0,¬#1102,ª#2687,¢#3801634
¡#0,¬#17,ª#117,¢#2761662
¡#0,®#1148343,®#1,ª#402,¢#2998856
¡#0,¬#11,®#530,¬#60863,ª#9,¬#3248,®#7,¬#1641053,ª#8,¢#2592070
¡#0,¡#337026,¬#9,ª#13,¢#4763768
¡#0,¬#1114475,®#87154,¬#7442,®#773840,ª#275774,¢#1296018
¡#0,¬#1423,£#7,ª#3470825,¢#1292413
¡#0,¡#92560,¬#175755,ª#1034034,¢#2672364
¬#0,®#22531,ª#2650374,¢#1897418
¡#0,¬#108079,®#58887,ª#2852887,¢#1388656
¡#0,¬#618,ª#3485,¢#3966835
¡#0,¬#11,®#513819,®#153667,®#1,®#426024,ª#1381939,¢#1296042
¡#0,¬#3643,ª#66814,¢#3126656
¡#0,¬#36,ª#152080,¢#2526406
¡#0,¡#67074,¬#27131,®#5018,¬#330964,ª#14,¢#2580299
¦#0,¡#112,¬#18,ª#1052,¢#2846983
¡#0,¡#1753,¬#8,ª#4801,¢#3799144
¡#0,ª#80063,ª#1,¢#3206784
¡#0,¡#11,¬#2508,ª#5784,¢#3275107
¡#0,¬#493678,¬#21096,ª#5025,¢#2162738
¡#0,¬#59318,ª#10928,ª#0,¢#5027511
¡#0,¬#888,£#39,ª#3431989,¢#1296011
¡#0,¬#2860403,ª#345158,¢#1296016
¡#0,¬#11,ª#11729,¢#2666991
¡#0,¬#2264901,ª#672222,¢#6
¡#0,¬#1563482,®#1656,¬#1310033,ª#10,¢#1296019
¡#0,¬#438643,¬#858591,ª#3013,¢#1555097
¡#0,¬#55,ª#1422,¢#2849899
¡#0,¬#19465,ª#506596,¢#2152448
¡#0,¬#83149,®#17754,ª#1985281,¢#2750890
¡#0,¬#55,ª#2492,¢#3799316
¡#0,¬#972066,ª#9,¢#3002930
¡#0,¬#12,®#1826671,¬#349944,ª#85599,¢#1296016
¡#0,¬#3103,ª#307,¢#4752751
¡#0,¬#161925,®#1653266,ª#452968,¢#1296013
¡#0,¡#706137,¬#14,ª#17,¢#2231555
¦#0,¡#797,¬#15,ª#5,¢#5180417
¡#0,¬#517875,ª#4249,¢#3279861
¡#0,¬#19,ª#256125,¢#3200041
¡#0,¬#451731,ª#18,¢#4646512
¡#0,¬#23,®#163948,¬#608298,®#516744,¬#342614,ª#59,¢#1296016
¡#0,¬#32,ª#1222,¢#2677280
¡#0,¬#146409,®#4403,¬#601875,ª#57,¢#2527853
¡#0,¬#22,ª#345147,ª#1,¢#3802079
¡#0,¬#107164,ª#511077,¬#5114,ª#3548,¢#2588418
¡#0,¬#382,ª#287,¢#5097525
¦#0,¡#562,¬#8,ª#1056071,¢#1621951
¡#0,ª#340422,ª#0,¢#2510905
¡#0,¬#422172,ª#339,¢#3382771
¡#0,¬#10,ª#13834,¢#3960851
¦#0,¡#296,¡#330,¡#18338,¬#164519,ª#12,¢#3791504
¡#0,¡#24,¬#494201,ª#5003,¢#2179608
¡#0,®#27710,®#1,¬#149208,ª#30,¢#4492834
¡#0,¬#2848,ª#165386,¢#2510756
¡#0,¬#13,ª#60763,¢#2621333
¡#0,¬#177532,ª#679473,¢#4240819
¡#0,¬#169374,ª#3976,¢#3626850
¡#0,¬#600094,®#193314,ª#333245,¢#1661670
¡#0,¬#420322,®#10892,¬#1906543,ª#6262,¢#1296019
¡#0,¬#2507598,ª#9,¢#2592024
¡#0,ª#22,¢#2682113
¡#0,¬#865372,ª#976245,¢#2595619
¡#0,¬#98337,ª#77546,¢#4317095
¡#0,¬#116,ª#332,¢#3804891
¡#0,¬#76427,ª#3798,¢#5017748
¡#0,¬#686395,ª#19077,¬#254427,®#3695,¬#674187,ª#358,¢#1296016
¡#0,¬#49,ª#947,¢#2936868
¡#0,¬#205,ª#11,¢#5097564
¡#0,¬#24,ª#9746,¢#4915417
¡#0,¬#25,ª#10609,¢#2667879
¡#0,¬#868,ª#18355,¢#3783013
¡#0,¬#7358,ª#1022369,¢#3121349
¡#0,¬#497758,ª#1838,¢#2178463
¡#0,¬#177513,ª#57059,¢#4866847
¡#0,¬#119,®#14323,¬#4692,ª#11,¢#2659467
¡#0,¬#18,ª#446502,¢#4651611
¡#0,¬#209,ª#1675,¢#3800262
¡#0,¬#433998,ª#118,¢#2417520
¡#0,¡#706984,¡#428156,¬#931580,ª#4,¢#957463
¡#0,¬#21,®#517279,¬#780126,ª#7,¢#2588431
¡#0,¬#1544,ª#2178045,¢#1296013
¡#0,¬#19,®#597668,¬#1204241,ª#25,¢#1558820
¡#0,ª#53,¢#2678508
¡#0,¬#29,®#251930,¬#587726,ª#27,¢#2588421
¡#0,¬#494050,®#703203,ª#446187,¢#1705167
¡#0,¬#589462,®#1350,ª#15518,¢#2689405
¡#0,¬#180400,ª#7,¢#4399394
¡#0,¬#253034,ª#23285,¬#950671,ª#1568034,¢#1296015
¡#0,¬#661964,ª#2504,¢#3137621
¡#0,¬#849928,ª#2224,¢#2949493
¡#0,¬#177381,ª#1205564,¢#2592019
¡#0,¬#27,ª#231108,¬#4106,ª#1611,¢#2684330
¡#0,¬#357958,ª#261267,¢#2149731
¡#0,¬#258250,ª#2868,¢#2935904
¡#0,¬#1238,ª#269930,¢#3275055
¡#0,ª#416062,ª#0,¢#2435478
¡#0,¬#573610,ª#610812,¢#2592023
¡#0,¬#125,ª#103438,¢#2748097
¡#0,¬#30,ª#8243,¢#3015902
¡#0,¬#492474,ª#87631,ª#0,¢#2098544
¦#0,¡#65725,¬#2849,ª#3457,¬#6122,®#12852,¬#239414,ª#11,¢#2521024
¡#0,¬#605975,ª#861,¢#4494869
¡#0,¬#7857,ª#1972,¢#3791845
¡#0,¬#1876,ª#36,¢#2676886
¡#0,¬#56146,ª#365772,¢#3379910
¡#0,¬#234232,ª#1845116,¢#1296022
¡#0,¬#9471,ª#5364,¢#3963661
¡#0,¬#16,ª#587,¢#4146899
¡#0,¬#15,ª#670,¢#3196222
¡#0,¡#204,¬#8,ª#20301,¢#3778048
¡#0,¬#168440,ª#108,¢#2514059
¡#0,¡#3892,¡#1,¬#786238,ª#847736,¢#1296020
¡#0,¬#15738,ª#4,¢#2835742
¡#0,¬#139,®#503662,¬#2660,ª#1122137,¢#1296016
¡#0,ª#1681,¢#3285168
¡#0,¬#20148,®#1370,¬#62690,ª#7,¢#3717617
¡#0,¡#3925,¬#242919,ª#4981,¢#2513222
¡#0,¬#2939952,ª#306,¢#1296012
¡#0,¬#33,ª#1498,¢#2673547
¡#0,¡#94941,ª#32,¢#2583740
¡#0,¬#996,ª#13636,¢#4222903
¡#0,¡#22,¡#344192,¡#111654,¬#26,®#581924,¬#90041,ª#54,¢#1813407
¡#0,¬#9,ª#3194083,¢#1296013
¡#0,¬#65451,ª#190,¢#2702904
¡#0,¡#20,¬#68769,ª#276,¢#2782341
¡#0,¬#19440,ª#6979,¢#3775420
¡#0,¬#17,®#67462,¬#95981,®#93598,ª#331165,¢#2592018
¡#0,¬#1210343,¬#282214,ª#6,¢#1296015
¡#0,¬#635117,ª#2051178,¢#1296016
¡#0,¬#154312,ª#16,¢#2524402
¡#0,¬#304,®#548,¬#3549876,ª#9,¢#1296012
¡#0,¬#441086,®#845509,ª#594736,¢#1388668
¡#0,¬#11,®#1173,¬#628708,®#147403,¬#695986,ª#11,¢#2588419
¦#0,¡#86,¬#9,ª#1148683,¢#2649254
¡#0,¬#370567,ª#35,¢#3431258
¡#0,¬#2408713,ª#17305,¢#1296023
¡#0,¬#74375,ª#1375,¬#447759,ª#2404391,¢#1296012
¡#0,¬#614769,ª#9597,¢#2659054
¡#0,¬#93123,®#81630,¬#677319,®#595329,ª#1468979,¢#1296017
¡#0,¬#11,ª#5971,¢#2845767
¡#0,¬#81154,®#416313,ª#1662566,¢#1541348
¡#0,¬#628588,ª#23,¢#3119122
¡#0,¡#160742,¬#362311,ª#5539,¢#2149845
¡#0,¬#1621995,®#257857,¬#942238,ª#16,¢#1296012
¡#0,¬#23,®#441335,¬#69273,ª#1270,¢#3884435
¡#0,¬#283,ª#497901,¢#2176878
¡#0,¬#67261,ª#58,¢#3129832
¡#0,¡#3144,¬#89551,ª#26,¢#2586280
¡#0,¬#22,®#32,¬#2244493,ª#9,¢#1299614
¡#0,¬#12,ª#1021,¢#2937048
¡#0,¬#4286,ª#321376,¢#2522118
¡#0,¬#11,ª#2469,¢#2676486
¡#0,¬#788062,ª#776576,¢#1296015
¡#0,¬#544,ª#13,¢#2678324
¡#0,¬#12398,¬#259129,ª#405232,¢#3891630
¡#0,¬#1381285,ª#142,¢#1297244
¡#0,¡#6164,¬#7,®#4269,¬#56829,ª#13,¢#3219434
¡#0,¬#12,ª#749803,¢#4347895
¡#0,¬#13,¬#92440,¬#186119,ª#7,¢#2400448
¡#0,¬#1226567,ª#846093,¢#1296020
¡#0,¬#687565,£#500134,ª#770520,¢#1296051
¡#0,¡#854353,¬#5,®#21221,¬#681566,ª#8,¢#1296018
¡#0,¬#776054,ª#165,¬#665270,®#1140028,¬#331111,ª#9,¢#1296016
¡#0,¬#2841950,ª#10601,¢#1296015
¡#0,¬#7705,ª#14129,¢#3175248
¡#0,¬#31,®#165541,®#84877,®#613888,¬#1707371,ª#36,¢#1296013
¡#0,¬#16,ª#481,¢#2678007
¡#0,¡#1198651,¡#1,¬#184208,®#316505,ª#176124,¢#1296021
¡#0,¬#2081986,ª#14,¬#93016,ª#6486,¢#1296014
¡#0,¬#370647,ª#405,¬#60085,ª#1045781,¢#1374621
¡#0,ª#6957,¢#3276372
¡#0,¬#344577,ª#846866,¢#2610064
¡#0,¬#48,ª#3688,¢#2851371
¡#0,¡#1212928,¬#5,ª#511367,¢#1296013
¡#0,¬#420143,ª#1821612,¢#1296017
¡#0,¬#116,ª#14916,¢#2663890
¡#0,¡#18,¬#325947,ª#1126472,¢#1296016
¡#0,¬#49,®#2120,¬#73570,ª#85736,¢#2588432
¡#0,¬#987,ª#910,¢#4145749
¡#0,¬#29,ª#21097,¢#2657444
¡#0,¬#87484,ª#1189488,¢#2866811
¡#0,¬#2155827,ª#31,¢#2592018
¡#0,¬#16,ª#4767,¢#2846514
¡#0,¬#538,ª#95254,¢#2582765
¡#0,¡#162,¬#187,®#7872,¬#96782,ª#7,¢#2573935
¡#0,¬#972219,ª#228823,¢#3555462
¡#0,¬#1810765,ª#4,¢#1296020
¡#0,¬#539406,ª#1104011,¢#1296008
¡#0,¬#25,®#83040,¬#16267,ª#10,¢#3888029
¡#0,¬#1740721,ª#67448,¢#1296018
¡#0,¬#1707,ª#155864,¬#90443,ª#172,¬#547,®#87957,¬#1817939,ª#6,¢#1294141
¡#0,¬#161864,ª#55,¢#2516946
¬#0,ª#391,ª#266110,ª#15,¢#2581231
¦#0,¡#18770,¬#87595,ª#23,¢#2572531
¡#0,¬#1889823,ª#15490,¢#1296023
¡#0,¬#3496,ª#10,¢#2675142
¡#0,¬#2930,ª#1901591,¢#1296011
¡#0,¬#268625,ª#37,¢#2579182
¡#0,¬#27,ª#185922,¢#3788646
¬#0,®#74017,ª#10165,¢#5098179
¡#0,¬#11,ª#94020,¢#2584629
¡#0,¡#18,¬#194590,ª#766,¢#3088450
¬#0,ª#8056,¢#3189273
¡#0,¬#589885,ª#2263857,¢#1296005
¡#0,ª#15711,¢#2662816
¡#0,¬#415854,®#7550,ª#953527,¬#934320,®#167827,ª#714972,¢#1296016
¡#0,¬#80183,ª#84488,¢#3031004
¡#0,¬#274595,ª#682171,¢#1890872
¡#0,¬#786334,ª#17,¬#318276,ª#19333,¢#1642984
¡#0,¬#8790,ª#30,¢#2756351
¡#0,¬#290257,ª#171955,¢#2592027
¡#0,¬#31,®#25229,¬#58382,ª#8,¢#2945300
¦#0,¡#42,¬#12,®#19,¬#2585873,ª#262108,¢#1296014
¡#0,¬#1038953,ª#4276,¢#2762081
¡#0,¬#12,ª#1323,¢#3887070
¡#0,¬#1196989,ª#187,¢#1567961
¡#0,¬#67,«#2240,ª#850130,¢#2157947
¡#0,¬#26,ª#1305931,¬#2038667,ª#25890,¢#1296016
¡#0,¬#92120,®#926453,ª#791197,¢#1296017
¡#0,¬#265391,ª#586534,¢#1826670
¡#0,¬#8352,ª#9,¢#3793476
¡#0,¬#352750,ª#1810752,¢#1296018
¡#0,ª#88,¢#2678792
¡#0,¬#558,ª#694794,¢#3110040
¡#0,¬#1338,®#27,¬#758114,ª#8,¢#2592052
¡#0,¬#443,ª#11,¢#3282893
¡#0,¬#2112,ª#589331,¢#2602250
¡#0,¬#184413,®#681965,¬#1063496,ª#6,¢#2592918
¡#0,¡#1145266,¬#6,ª#5,¢#1533173
¡#0,¬#59,®#692652,¬#1119923,ª#69,¢#1296021
¡#0,¬#3438240,®#17508,¬#420747,ª#32,¢#1296022
¡#0,¬#88363,ª#12,¢#3803826
¦#0,¡#17,¬#11,ª#14,¢#3805630
¡#0,¬#114340,ª#342378,¢#4040152
¡#0,¬#278514,ª#4270,¢#3518891
¡#0,¬#3555,ª#75500,¢#3723127
¡#0,¬#602475,ª#158,¢#3199047
¡#0,¬#2712,ª#69346,¢#4078963
¡#0,¬#3446196,ª#148,¢#1296008
¡#0,¬#701877,ª#430554,¢#1542328
¡#0,¬#10130,ª#446,¢#2668378
¡#0,¬#61443,ª#468,¢#2617085
¡#0,¬#1467,ª#513698,®#81680,ª#1722265,¢#1296015
¦#0,¡#65341,¬#18,ª#96,¢#2611311
¡#0,¬#84381,®#459,¬#436731,ª#7,¢#2330128
¡#0,¬#21,®#3654,¬#1107620,ª#16,¢#2671713
¡#0,¬#1134,ª#269177,¢#3704670
¡#0,¬#163,®#4962,¬#172168,ª#8,¢#3624561
¡#0,¬#27,®#8871,¬#425249,ª#9,¢#3888033,¢#0
¡#0,¬#323,£#25,ª#3537308,¢#1296016
¡#0,¬#438312,ª#165620,¢#2074688
¡#0,¬#19,ª#4812,¢#5093406
¡#0,¬#160775,ª#7,¢#3117719
¡#0,¬#247356,ª#371371,¬#350476,ª#668332,¢#1296014
¡#0,¬#92722,ª#1121043,¢#1637956
¡#0,¬#39,ª#20,¬#13978,®#436992,¬#7,ª#8,¢#2746249
¡#0,¬#73,¬#941,ª#514116,¢#3535395
¡#0,¬#8,ª#1108,¢#2677642
¡#0,¬#56,ª#449960,¢#2228908
¡#0,¬#88192,ª#6344,¢#2757167
¡#0,¬#2602,®#98498,¬#2488241,ª#13,¢#2580335
¡#0,¡#14508,¬#70731,ª#186143,¢#2758115
¡#0,¬#1827834,ª#74741,¢#1292422
¡#0,¬#25257,ª#106,¢#2653225
¡#0,¡#16220,¬#172018,®#4031,¬#60542,®#353437,¬#1458093,ª#15,¢#1292417
¡#0,¡#42,¬#402486,®#5497,ª#2440882,¢#1296017
¡#0,¬#1280,ª#97,¢#3800288
¡#0,ª#10393,¢#2841245
¡#0,¬#323452,ª#96785,¢#3036250
¡#0,¬#4854,ª#958912,¢#2841908
¡#0,¬#59,ª#15977,¢#2835728
¡#0,¬#19,ª#749,¢#2678165
¡#0,¬#518807,ª#600598,ª#0,¢#1735677
¡#0,¬#938311,®#273528,ª#342927,¢#1466495
¡#0,¬#35,®#10856,¬#443641,ª#53,¢#3956598
¡#0,¬#107,®#1046159,¬#531776,ª#17,¢#1296011
¡#0,¡#369640,ª#294,¢#2484999
¡#0,¡#183855,¬#19,ª#2243478,¢#2592022
¡#0,¡#18,¡#1,ª#58080,¢#3743881
¡#0,¬#163917,®#255306,®#0,ª#849457,¢#1744970
¡#0,¡#656,¬#1228149,ª#39,¢#1622696
¡#0,¬#1169,ª#9194,¢#2668488
¡#0,¬#238333,ª#734,¢#2525976
¡#0,¬#10417,ª#348,¢#3791381
¡#0,¬#47,ª#353974,¢#4122631
¡#0,¬#607661,¬#1482696,®#57,ª#496690,¢#1296016
¡#0,¬#15,ª#2654,¢#3799109
