¢#0,¢#369640,§#294
¢#0,¢#183855,©#19,§#2243478
¢#0,©#163917,ª#255306,ª#0,§#849457
¢#0,¢#656,©#1228149,§#39
¢#0,©#238333,§#734
¢#0,©#10417,§#348
¢#0,©#47,§#353974
¢#0,©#15,§#2654
¢#0,©#1207765,§#943510
¤#0,¢#291,¢#1303579,©#11,§#12
¢#0,©#17,§#68771
¢#0,©#132,§#11
¢#0,©#65605,§#25
¢#0,¢#19,©#50,ª#113,©#10300,§#11
¢#0,©#28,§#943
¢#0,¢#11,©#355971,§#5
¢#0,©#351497,ª#8,©#1998690,§#7,§#1
¢#0,©#88059,§#426
¤#0,¢#62560,¢#25352,©#16,§#324038
¢#0,©#92630,§#73
¢#0,©#658,§#103
¢#0,©#77443,§#75581
¢#0,©#25,ª#274451,©#1192285,§#12,©#449801,§#3730
¢#0,©#9,§#81560
¢#0,¢#709,©#89004,§#277749
¢#0,¢#255689,©#688287,§#346401
¢#0,¢#93386,©#228347,ª#781,©#2077480,§#14
¢#0,©#22,§#18
¢#0,©#176,§#23944
¢#0,©#1041337,ª#501545,©#7209,§#13
¤#0,¢#155,©#12291,§#26
¢#0,¢#15,©#70340,§#3349
¢#0,ª#16,©#66678,§#10,§#19839
¢#0,©#1042,§#1417
¢#0,ª#278664,©#2646907,§#8
¢#0,©#13577,§#172576
¢#0,©#78353,©#42,ª#1458,©#513319,§#9
¢#0,©#8,ª#78546,©#445890,§#5
¢#0,©#62395,ª#540138,§#2919910
¢#0,¢#604668,©#59,§#1010084
¢#0,©#43,§#16982
¢#0,©#59761,§#27818
¢#0,©#20,ª#591235,©#512327,§#39,§#1
¢#0,©#13,§#8
¢#0,¢#2563860,©#261228,§#349270
¢#0,©#44,£#12710,§#775224
¢#0,©#2589329,§#16
¢#0,©#1037376,§#129
¢#0,¢#22,©#346987,§#9
¢#0,©#32,§#3900
¢#0,©#24,§#77
¢#0,¢#39,¢#0,©#5129,§#2324
¤#0,¢#72,©#84,§#324199
¢#0,©#12,§#47
¢#0,©#157835,§#1609
¢#0,©#511937,§#1409255
¢#0,©#10414,ª#8485,©#1126316,§#10
¢#0,©#609739,§#4884
¢#0,©#21608,§#67,©#150463,§#59
¢#0,©#1044816,§#7
¢#0,§#92734,§#9,§#1
¢#0,©#1006725,§#1755123
¢#0,©#1563009,§#7
¢#0,©#11,§#17
¢#0,©#353161,§#27
¢#0,©#19024,§#627
¢#0,©#24,§#795122
¢#0,©#1638437,§#9231
¢#0,©#440316,§#3097272
¢#0,©#12,§#170
¢#0,©#58166,§#8
¢#0,©#29,§#11704
¢#0,©#24,§#3113
¢#0,©#89217,§#9
¢#0,©#30,§#7917
¢#0,©#397,§#3080
¢#0,©#75798,§#113802,§#1
¢#0,©#27,§#22789
¢#0,©#30,§#5
¢#0,©#1155867,§#260001
¢#0,©#606255,§#59
¢#0,©#1144,§#114
¢#0,¢#30,©#262608,§#20
¢#0,©#427809,§#10350
¢#0,©#76210,ª#8501,©#413828,§#56
¢#0,©#1125354,ª#78825,ª#88787,©#496969,§#7
¢#0,©#3450746,§#57
¢#0,©#1236,§#3686
¢#0,©#14,§#12
¢#0,©#160290,§#51
¢#0,©#177117,ª#1229,ª#517032,§#3010,§#4
¢#0,©#415632,ª#97432,§#4044
¢#0,©#8863,ª#68140,©#83120,§#10
¢#0,©#87057,ª#99951,©#416278,§#209
¢#0,©#55,§#9910
¢#0,©#60013,§#13
¢#0,©#38,§#3565
¢#0,©#2422376,§#3792
¢#0,©#700,§#101837
¢#0,©#14,ª#166283,§#1230291
¢#0,©#22,ª#235733,©#114389,§#147
¢#0,©#62806,§#7313
¢#0,©#9,©#2675072,§#7
¢#0,©#204,§#683957,©#972999,§#69516
¢#0,©#24044,ª#79635,©#1817823,§#7
¤#0,¢#88,©#1113,§#5,©#1657897,§#256534,§#1
¢#0,©#515219,§#28
¢#0,©#507601,§#165
¢#0,©#1222754,ª#86878,§#57136
¢#0,©#26,ª#233803,©#954352,§#15
¢#0,©#21,§#88971
¢#0,©#1063,§#646
¢#0,©#56404,§#23
¢#0,©#328775,ª#1398208,§#433248
¢#0,©#1013569,§#8
¢#0,©#580624,§#454843
¢#0,§#85046,§#0
¢#0,©#238593,§#340
¢#0,¢#27,©#143544,§#606711
¢#0,©#23,§#84116
¢#0,©#8522,§#2373
¢#0,©#197923,§#256798
¢#0,©#257040,§#333961
¢#0,¢#145357,§#25
¢#0,¢#21,©#8,§#413692
¢#0,©#30,§#87346
¢#0,©#867597,©#1788155,§#890523
¢#0,¢#663264,©#22902,§#8
¢#0,©#1042387,§#77497
¢#0,©#138,§#603519
¢#0,©#224,§#11,§#1229
¢#0,©#1280225,§#1717211
¢#0,©#871882,§#1626
¢#0,©#21,ª#6508,§#1661658
¢#0,¢#313,©#8,§#2588622
¢#0,©#62,§#4144
¢#0,©#4035254,§#6
¤#0,¢#1403,©#93572,¢#66672,¢#0,ª#11202,©#35,§#21
¤#0,¢#267,©#8,§#19
¢#0,©#3153,§#34
¢#0,©#20,ª#354525,ª#134,§#2081130
¢#0,©#108469,§#61606
¢#0,¢#14991,©#147617,§#11,§#28610
¢#0,©#395,§#659
¢#0,ª#4013,©#1816621,§#7
¢#0,©#9532,§#5
¢#0,©#82,£#7,§#343555
¢#0,©#457471,§#943142
¤#0,¢#49,©#73,§#857127
¤#0,¢#36,©#26977,ª#3361626,ª#1,©#429255,§#16
¢#0,©#364530,§#63346
¢#0,©#10,§#3315
¢#0,©#27,§#2347003
¢#0,¢#185,©#1299344,§#518364
¢#0,©#273079,§#2676958
¢#0,©#440384,ª#29,©#55589,©#2086,§#123
¢#0,©#20026,§#16
¢#0,©#14,§#149825
¢#0,©#6987,ª#161,©#601405,§#6
¢#0,©#168517,ª#700160,ª#279522,©#577339,§#8
¢#0,©#9,§#1217849
¢#0,©#257923,§#83
¤#0,¢#15216,¢#523483,©#498742,ª#103069,©#79664,§#13
¢#0,©#1596,§#72
¢#0,¢#19,¢#262215,©#3567,ª#931852,§#606219
¢#0,©#12894,§#6
¢#0,©#20,§#90980
¢#0,©#12,§#1381459
¢#0,©#83174,ª#18,©#157975,§#11
¢#0,©#19975,§#240177
¢#0,©#405582,ª#447,©#543623,§#508597
¢#0,©#1607,§#11
¢#0,¢#92282,¢#140580,ª#17,©#79,§#3564627
¢#0,©#624227,§#589566
¢#0,©#760,§#6
¢#0,©#11,ª#683160,ª#183962,©#948969,§#592337
¢#0,§#6107
¢#0,©#1978289,ª#98476,©#258828,§#44
¢#0,©#1800441,§#118
¢#0,©#18,§#3528288
¢#0,©#946,§#6208
¢#0,©#173661,ª#73157,©#1126711,§#5
¢#0,©#184381,§#660
¢#0,©#263100,§#91585
¢#0,©#125,§#70891
¢#0,©#45,ª#2346925,ª#946510,§#243753
¢#0,©#1902471,§#4728
¢#0,©#437,§#14
¢#0,©#78,§#1217683
¢#0,©#3112166,§#25
¢#0,©#8,§#5188
¢#0,©#25,ª#522381,©#1124066,§#26
¢#0,©#140,§#9066
¢#0,©#677893,§#756
¢#0,©#28,§#70983
¢#0,©#144575,§#15
¢#0,©#951193,§#234263
¤#0,¢#3933,¢#10120,ª#4358,©#8130,§#56377,©#266082,§#753
¢#0,§#146
¢#0,¢#10,©#2186411,§#11
¢#0,©#173621,§#1900335
¢#0,©#838,©#46,£#500028,§#4331204
¢#0,©#123,§#62
¢#0,©#17,§#85104
¢#0,¢#134,©#156,§#59368
¢#0,¢#507756,©#7,ª#536520,©#1471593,§#12
¢#0,©#20429,§#31
¢#0,©#61,§#202372,©#825,ª#339610,©#246280,§#20
¤#0,¢#72562,©#3770,§#397
¢#0,©#250245,§#10
¢#0,©#27,§#429
¢#0,©#14924,ª#524,©#1189293,§#10,©#184,§#7
¢#0,©#3723,£#27,£#3904,§#1808548
¢#0,©#512163,§#1444
¢#0,©#2352406,§#70333
¢#0,©#62207,§#517268
¢#0,©#30,§#27035
¢#0,¢#603489,©#6,§#778812
¢#0,©#46,ª#80881,©#2148098,§#11
¢#0,ª#2771,§#357
¢#0,§#3260,§#712
¢#0,©#171,§#4580
¢#0,©#118,ª#5227,©#92611,§#35
¢#0,©#501341,ª#15353,§#150194
¢#0,©#98,§#172274
¢#0,©#90,§#74459
¤#0,¢#88,©#13,§#237580
¢#0,©#3856,§#577
¢#0,©#2827484,§#10
¢#0,©#24,§#102859
¢#0,©#80476,§#8,§#1617814
¢#0,©#299,ª#1008,§#57572
¢#0,¢#147,©#1091,§#5753
¢#0,©#16,§#2778443
¢#0,©#514831,§#5
¢#0,©#1813,§#1754
¢#0,©#6779,§#161
¢#0,©#265049,§#500900
¢#0,©#26,§#8650
¢#0,©#2687,ª#28296,©#260794,§#17
¢#0,§#20226
¢#0,©#79598,§#6315
¢#0,©#83266,§#24671
¢#0,©#159,§#9
¢#0,©#11,§#6065
¢#0,¢#3515943,©#22,§#27
¢#0,©#115,§#38
¢#0,¢#3300901,©#4,§#12,§#0
¢#0,©#101903,§#1460187
¢#0,©#1628280,§#6
¢#0,©#6249,ª#62770,©#874310,§#26
¢#0,§#1652,§#1
¢#0,©#269331,ª#1028524,§#726
©#0,ª#514879,§#780301
¢#0,§#526345
¢#0,©#89411,§#2558
¢#0,©#621872,ª#28,©#2864,§#33
¤#0,¢#23,¢#433360,¢#10,©#22,§#519592
¢#0,©#16049,§#1272
¢#0,¢#17,©#1379592,§#123
¢#0,©#67406,§#5934,©#278873,§#1379111
¢#0,©#173801,§#515266
¢#0,©#1878656,§#10
¢#0,©#249379,§#286907
¢#0,©#22877,§#69638
¢#0,©#53,§#22457
¢#0,©#265748,§#2287,§#12
¢#0,©#17,ª#154,©#5409,§#10,©#1285413,§#524533
¢#0,¢#244155,©#360452,ª#69420,©#997,§#583
¢#0,©#31,ª#164965,©#430403,§#9
¢#0,©#249837,§#1918200
¢#0,§#327915,©#23365,§#1461783
¢#0,©#37,©#71430,©#98324,§#1493
¢#0,©#29,ª#67753,©#613078,§#46
¢#0,©#79482,§#612692
¢#0,©#85765,§#5172
¢#0,©#25,§#100688
¢#0,©#1184513,§#287381
¢#0,©#269424,§#6
¢#0,©#544472,§#1189361
¢#0,©#62599,§#22159
¢#0,¢#414316,©#174965,£#9,¦#13,§#1206657
¤#0,¢#1027,¢#0,¢#321259,¢#14,©#766,§#16
¢#0,©#61,§#14
¢#0,¢#19,©#29,§#181
¢#0,©#239470,§#107
¢#0,©#280991,§#256462
¢#0,¢#22249,©#14,ª#1186844,©#701488,§#17
¢#0,©#346014,ª#355698,§#165007
¢#0,©#73745,§#1800
¢#0,©#68,§#1834
¢#0,©#264518,ª#47,§#967470
¢#0,©#13890,ª#6931,©#3017722,§#9
¢#0,©#108308,§#3060
¢#0,©#167814,ª#3359,§#11086
¢#0,©#34,§#603250
¢#0,©#1383578,ª#497858,§#689869
¢#0,©#24298,©#432095,ª#1013,©#500338,§#11
¢#0,©#140,§#15
¢#0,©#85144,§#265
¢#0,¢#213,¢#0,©#167378,§#28793
¢#0,©#15069,§#13
¢#0,©#24,§#6364
¢#0,©#162610,§#191661
¢#0,¢#10,©#283515,§#2751444
¢#0,©#37,ª#65713,©#91209,§#97
¢#0,©#19,§#84
¢#0,©#61,§#326315
¢#0,¢#789542,¢#2,§#175181
¢#0,©#629321,ª#237438,©#1223628,§#7
¢#0,©#513675,§#1672493
¢#0,©#1179,§#5
¤#0,¢#20,©#171383,ª#75,©#2929024,§#18
¢#0,©#3778270,§#601
¢#0,©#173,ª#116,©#1136349,§#9
¢#0,©#1141,ª#1778,©#340400,§#200621
¢#0,©#439501,§#278244
¢#0,©#65,§#16115,§#2107
¢#0,§#326222
¢#0,©#934,§#1175,©#93923,ª#64329,©#5602,§#75576
¢#0,©#1370929,§#346598
¢#0,©#292,§#86
¢#0,©#457382,§#2569568
¢#0,©#1043,§#2078
¢#0,©#3336,ª#946,©#1465550,§#11
¢#0,©#5642,§#31
¢#0,©#30,§#3104
¢#0,©#96915,ª#1228681,§#80518
¢#0,©#13,§#54
¢#0,©#1565692,§#80292
¢#0,©#520820,§#535751
¢#0,©#1469102,ª#336884,§#181888
¢#0,©#12,£#19012,§#6
¢#0,¢#20604,©#250148,§#5,§#13
¢#0,¢#80226,©#711220,ª#12,ª#77193,§#2858811
¢#0,©#70961,§#20811
¢#0,¢#71,©#13647,©#7953,§#31
¢#0,©#41,§#516141
¤#0,¢#81,©#100819,ª#35,©#2917515,§#15
¢#0,¢#142301,©#12,§#7
¢#0,¢#534,©#10,§#155259
¢#0,©#415049,ª#93,§#599481
¢#0,©#92786,§#97278
¢#0,©#596527,§#169978
¢#0,§#29243,§#28
¢#0,©#17,§#95639
¢#0,©#79,§#7
¢#0,©#74,§#107
¢#0,©#2163812,ª#21,§#1554465
¢#0,©#1790763,§#431902
¢#0,©#35,§#148360
¢#0,¢#2162915,©#7,§#412471
¢#0,©#11,§#20652
¢#0,©#40,§#1288794
¢#0,©#508215,§#3204860
¢#0,©#518955,£#710325,§#606014
¢#0,¢#16,©#10809,§#127,§#0
¢#0,©#108988,§#1843
¢#0,¢#353602,©#1901471,§#57383
¢#0,©#2127,§#82670
¢#0,©#88952,§#1157
¢#0,©#255644,ª#2408192,©#866860,§#35
¢#0,¢#25,©#2350,§#1642
¢#0,©#529676,ª#4,©#2408403,§#6
¤#0,¢#42,©#1037816,§#1299116
¢#0,©#491592,§#357834
¢#0,©#14,§#36
¢#0,©#1115756,§#226,§#3106
¢#0,©#48,ª#1102575,ª#1125515,©#270258,§#1068
¢#0,©#439254,ª#9813,©#89071,§#8
¢#0,¢#234822,©#90,ª#87415,©#1120477,§#18
¢#0,©#173763,ª#10415,§#343947
¢#0,©#81615,§#84980
¢#0,©#1338,§#3135
¢#0,©#73798,§#353291
¢#0,©#2974,ª#704,©#265429,§#55
¢#0,©#263206,¦#1830903,§#1553796
¢#0,¢#1010632,©#69,ª#1963,©#1440,§#11
¢#0,©#34,§#83936
¢#0,©#21,ª#5711,©#196485,§#10
¢#0,©#269493,§#75910
¢#0,©#862,§#3717
¢#0,©#1046147,§#627525
¢#0,©#27,ª#17,©#1807284,ª#5,©#599290,§#7
¢#0,©#3681,ª#122,©#60241,§#43
¢#0,©#18,ª#8,©#867844,§#8
¢#0,¢#1213913,©#7,§#595790
¢#0,©#79329,§#72492
¢#0,©#344897,§#524960
¢#0,¢#4163,©#15,§#64
¢#0,©#230,ª#1555421,©#768920,§#11
¢#0,©#939024,§#1754954
¢#0,©#77840,§#56
¢#0,©#717368,ª#82533,§#608593
¢#0,©#163138,§#630997
¢#0,©#339879,§#534497
¢#0,©#16,§#8481
¢#0,©#863,§#392,©#9761,§#1045
¢#0,©#2386867,§#377353
¢#0,©#5728,§#7577,©#7457,£#236425,§#22119
¢#0,©#409517,§#21633
¢#0,©#164999,§#44
¢#0,©#373159,§#1101828
¢#0,©#802980,©#405210,§#25731
¢#0,©#64850,§#2778305
¢#0,©#74958,§#2470
¢#0,¢#27332,©#10,§#60025
¢#0,¢#17,©#721,ª#436620,©#279427,§#15
¢#0,§#26362,§#782
¢#0,©#790,§#373
¢#0,ª#1732,©#2592794,§#75
¢#0,©#190,§#165837
¢#0,©#24,§#67115
¢#0,¢#28,©#65034,§#89139
¢#0,©#505386,§#81984
¢#0,©#43,§#2983
¢#0,©#88221,§#11
¢#0,¢#973780,©#5,ª#85536,ª#520217,©#319546,§#9
¢#0,©#91068,§#62170
¢#0,©#139696,§#19
¢#0,©#11,§#6634,©#12496,§#346151
¢#0,©#617627,§#929781
¢#0,©#29,§#3495
¢#0,¢#76447,©#7,§#22543
¢#0,¢#1297816,©#17,ª#247924,©#7007,§#38
¢#0,©#280446,£#11,§#584305
¢#0,©#24,©#690573,ª#1564366,©#77699,§#15
¢#0,©#14,§#1995
¢#0,©#1381876,§#246272
¢#0,©#19,§#5325
¢#0,©#1231,§#12701
¢#0,©#59739,§#4194
¢#0,¢#19,©#327388,§#630
¢#0,©#893,§#95137
¢#0,©#1611,§#113980
¢#0,©#219,§#84354
¢#0,©#11,§#17
¢#0,©#1546,ª#66,©#7689,§#7
¢#0,©#1041342,§#151728
¢#0,©#1811656,§#415
¢#0,©#16001,ª#443,ª#1273194,©#103608,§#153
¢#0,©#334923,ª#353649,§#2412539
¢#0,©#14,§#175582
¢#0,¢#71,©#1194,§#17051
¢#0,¢#859925,©#7,ª#354228,©#16764,§#12
¢#0,¢#26,©#175809,§#264950
¢#0,©#2772394,§#15
¢#0,©#27,§#71860
¢#0,©#18,ª#21338,©#75891,§#10,©#2832425,§#21136
¤#0,¢#113,©#3719,§#121
¢#0,©#100115,§#7
¢#0,¢#14,©#38,§#189537
¢#0,©#12,§#106
¢#0,©#10,ª#1984282,©#315406,§#4
¤#0,¢#2921,©#230558,§#25832
¢#0,©#2330384,§#27
¢#0,©#16490,§#2982
¢#0,©#181726,§#46
¢#0,©#276294,§#482
¢#0,¢#158471,©#12,§#522
¢#0,©#18742,ª#412782,©#168093,§#333
¤#0,¢#14,©#10,§#114
¢#0,¢#188,©#1138161,ª#4,©#2499446,§#7
¢#0,§#13684
¢#0,©#15839,§#123
¢#0,©#35,ª#12,©#82353,§#8
¢#0,©#73,ª#21,©#270624,ª#7,©#257415,§#24
¢#0,©#854,§#1624
¢#0,©#9,§#3153
¢#0,©#246013,§#10609
¢#0,©#85698,§#446084
¢#0,©#8265,§#92270
¢#0,©#34,§#1544,©#672568,ª#4378,©#1401227,§#8
¢#0,§#603644,§#1
¢#0,¢#1061811,©#7,ª#511974,©#591558,§#14
¢#0,©#1721550,§#28
¢#0,©#203,ª#1127960,©#1391445,§#11
¢#0,©#492094,§#2359,§#1
¢#0,©#17,§#3215534
¢#0,©#64,©#426713,ª#7,©#433443,§#11
¢#0,¢#1711,©#9,ª#87213,©#1374053,§#2627
¢#0,©#358819,§#501136
¢#0,©#437531,§#1813645
¢#0,©#95884,£#58,§#601439
¢#0,©#77749,§#1212994
¢#0,©#739,§#14
¢#0,¢#87148,©#110555,§#2150106
¢#0,©#63,§#23404
¢#0,©#227,ª#705719,©#1184370,§#9
¢#0,©#1621328,§#1060,©#79099,§#87015
¢#0,©#58,§#25
¢#0,¢#15,¢#587685,©#16479,§#2694
¢#0,©#98,§#429289
¢#0,©#147161,§#15287
¢#0,§#4174
¤#0,¢#55,©#6,§#53
¢#0,©#279551,§#1029597
¢#0,©#494101,ª#603421,©#2415431,§#10
¢#0,©#33,§#148
¢#0,©#50,ª#214,©#72366,ª#5506,§#2076291,§#2
¢#0,©#59989,§#4313
¤#0,¢#7174,¢#73174,©#12378,ª#180,©#2153259,§#7
¢#0,©#470,§#648
¢#0,©#12,ª#258739,§#2171463
¤#0,©#972368,§#1704687
¢#0,©#79409,§#530188
¢#0,©#172055,§#2925933
¢#0,©#1265531,ª#2338368,§#16455
¢#0,©#458249,§#3341
¢#0,¢#13,ª#482,©#450364,§#30
¢#0,©#72634,§#814
¢#0,©#48,§#615572
¢#0,©#473,§#3252
¢#0,©#61225,§#15316
¢#0,©#32,©#1221407,ª#3323,ª#318845,©#197681,§#13
¢#0,©#33,§#1397,©#5375,§#357490
¢#0,©#666875,§#15466,©#940380,§#83650
¢#0,©#14,§#1297594
¢#0,©#91,ª#24193,©#1038370,§#16
¢#0,©#86464,§#87476
¢#0,©#661828,§#2685
¢#0,¢#431592,©#178293,¨#355082,§#781412
¢#0,ª#173957,©#1006,ª#29,©#412259,§#51
¢#0,©#618,§#1522
¢#0,©#1038095,§#68323
¢#0,©#33,§#165479
¢#0,©#494398,§#203
¢#0,©#1035563,§#13
¢#0,¢#14204,¢#84915,¢#0,§#239661,©#605330,§#7228
¤#0,¢#168911,¢#1,©#1648385,§#151019
¢#0,©#2009877,§#224
¢#0,©#1383122,§#7
¢#0,©#330,§#187
¢#0,¢#14,©#1981,§#8927
¤#0,¢#147580,©#2657,§#487
¢#0,©#7,§#345046
¤#0,¢#21,©#45,§#74
¢#0,©#430680,£#77406,§#68272
¢#0,§#2498
¢#0,©#1226677,§#330442
¤#0,¢#12,©#166,§#78211
¢#0,¢#24,©#82302,§#518
¢#0,¢#19,©#1559254,§#947790
¢#0,©#40,§#4570
¢#0,©#599154,ª#326,§#1191145
¢#0,©#534375,§#66
¢#0,©#77,§#4329
¢#0,©#442,§#10
¢#0,©#2331190,§#775
¢#0,©#109,§#2548
¢#0,©#38,§#62383
¢#0,©#430308,ª#2262,§#427933
¢#0,©#2806,§#9563
¢#0,©#3451,§#160274
¢#0,©#1673,§#68101
¢#0,©#82649,§#609
¢#0,©#16,§#4963
¢#0,©#185385,§#1264
¢#0,©#391,§#753604
¢#0,©#66,§#26
¢#0,©#28,§#350
¢#0,ª#732,©#233732,ª#6,©#4335,§#89,©#793958,ª#7,©#775467,§#52
¢#0,©#16,§#1245
¢#0,©#1870,ª#11,©#1993632,ª#164,§#602316
¢#0,¢#5501,©#250387,§#30,©#66990,§#22
¢#0,¢#256779,©#58,ª#897933,§#1898979
¢#0,©#2119,§#1873
¢#0,§#16079
¢#0,©#605408,§#17
¢#0,©#1375808,ª#612621,©#9788,§#6
¢#0,©#27,§#10748
¢#0,¢#61139,§#98339
¢#0,©#1112263,§#97704,§#0
¢#0,©#15346,§#3385
¢#0,¢#109720,©#1017675,§#621210
¢#0,©#20,§#13
¢#0,©#73,§#9
¢#0,©#727,ª#185,ª#1110971,©#2493289,§#23
¢#0,©#10,§#2601
¢#0,©#435926,§#171
¢#0,©#438196,§#1114840
¢#0,¢#133,©#23,§#3717566
¢#0,©#13964,§#1426
¢#0,©#70,§#7506
¢#0,§#1066
¢#0,§#25477,§#0
¢#0,©#227680,§#990
¢#0,©#8,§#348119
¢#0,§#1123
¢#0,©#21,©#91594,ª#192082,ª#344675,©#756767,§#109
¢#0,©#1286,§#150
¢#0,©#587363,ª#86904,ª#9564,©#10012,§#498032
¢#0,©#593225,§#2438433
¢#0,¢#114,©#952094,§#6
¢#0,©#1036520,§#1203951
¢#0,©#1297,§#7402
¢#0,©#92086,§#8
¢#0,§#65462
¢#0,©#1371422,§#1519
¢#0,©#64022,§#4
¢#0,¢#438179,©#673034,§#11
¢#0,©#60461,§#87504
¢#0,¢#4595,©#8,§#85284
¢#0,©#99804,§#849444,§#1
¢#0,©#28,ª#622,©#774918,ª#1125600,©#261181,§#42
¢#0,©#24,ª#100,©#174520,§#23
¢#0,©#5710,©#1461993,ª#937766,©#278425,§#14
¢#0,¢#636268,©#11,§#71
¢#0,©#3481555,§#65
¢#0,¢#4121,©#8,§#5383
¢#0,©#1038861,§#2219177
¢#0,©#57051,§#548061
¢#0,¢#13103,©#17,§#64663
¢#0,©#833999,§#1050320
¢#0,¢#151280,§#173
¢#0,©#15,ª#2672,©#1899993,§#6,§#2223
¢#0,¢#2281,©#86641,§#11
¢#0,©#19,§#2976
¢#0,©#500899,ª#113033,©#83594,§#11
¢#0,©#4586,ª#241,ª#0,©#24,§#228922
¢#0,ª#17771,©#408571,§#6
¢#0,©#14,ª#689279,§#84913
¢#0,©#1302669,§#1197784
¢#0,©#11,§#403610
¢#0,¢#19,¢#1046,©#9,ª#4155,©#3598921,§#9
¢#0,¢#12,©#305,§#143
¢#0,©#89545,§#2217
¢#0,©#57087,§#1131055
¢#0,©#10,§#5056
¢#0,¢#310,©#3369,§#6
¢#0,¢#336364,©#104,§#504258,©#2365,ª#22795,©#943951,§#7409,©#68550,ª#7,©#168322,§#110092
¢#0,©#44,§#14269
¢#0,ª#287441,©#1043550,§#746782
¢#0,©#24,§#2531
£#0,¦#83175,§#2885924
¢#0,©#18323,§#99
¢#0,¢#612746,©#8,ª#88839,©#1217718,§#8
¢#0,©#20,§#11
¢#0,©#23,ª#1866,©#1187806,§#8
¢#0,©#3256265,§#5,§#566
¢#0,©#77569,§#70598
¢#0,©#108445,§#156610
¢#0,©#2092098,§#81
¢#0,©#112144,§#171750
¤#0,¢#11983,©#866614,§#37
¢#0,©#13,§#13
¢#0,©#20,§#6
¢#0,©#81935,§#25
¢#0,©#12,ª#19318,§#68858
¢#0,©#777492,§#25242
¢#0,©#35,§#600267
¢#0,©#45,ª#27156,©#58760,§#5568
¢#0,¢#3974,©#408310,§#1823263
¢#0,©#519145,ª#844572,§#3989
¢#0,©#4405,§#5
¢#0,©#61690,ª#100732,©#1199289,§#4544
¢#0,©#10638,§#2423
¤#0,¢#55,©#7,§#288
¤#0,¢#35,¢#1489083,¢#1999253,©#9,§#13
¢#0,¢#56,©#30,§#1471529
¢#0,©#25006,§#165461
¢#0,©#1466126,ª#904,©#24391,§#2491
¢#0,©#599299,ª#2146,§#351855
¤#0,¢#200,©#46,§#8
¢#0,©#268073,ª#2406,©#146303,§#1723635
¢#0,©#17,§#2517
¢#0,©#27,§#763672
¢#0,©#1897,§#1657
¢#0,¢#25,©#282604,§#8
¢#0,©#19,§#45
¢#0,©#529,§#22268
¢#0,¢#16421,©#170835,§#151
¢#0,©#2442623,§#4
¢#0,©#14,§#122
¢#0,©#38,§#1639918
¢#0,©#64437,§#430696
¢#0,©#76846,§#82333
¢#0,©#13,ª#362867,©#73624,§#136
¢#0,©#223,§#173048,§#0
¢#0,©#2846430,§#20357
¢#0,©#1670,§#40
¢#0,©#18,§#1368
¢#0,©#9,§#1340
¢#0,§#26912
¢#0,©#11,§#81
¢#0,©#683366,§#2409
¤#0,¢#54,©#104002,§#758448
¢#0,¢#23,©#1975,§#31
¢#0,§#275938
¢#0,¢#9752,©#5,§#274055
¢#0,©#31,§#97
¢#0,©#1473053,§#865124
¢#0,©#687,§#250648,©#7562,§#606254
¢#0,©#236558,§#11471
¢#0,©#248217,§#120,©#733,§#22017
¢#0,©#169,ª#416722,©#604982,§#10
¢#0,©#122,©#993,©#27153,ª#74118,©#1883361,§#27
¢#0,¢#18323,©#8,§#69891
¢#0,©#105358,§#342
¢#0,©#24,ª#72384,©#2194,§#9
¢#0,©#81854,§#17
¢#0,©#11141,§#1540686
¢#0,©#24,§#926452
¢#0,©#1037531,§#58
¢#0,©#108,ª#409757,©#10,ª#62,©#13180,§#8
¢#0,©#429431,§#1204
¤#0,¢#14,©#85381,§#317857
¢#0,©#245,§#15581
¢#0,©#521725,§#25,©#63,§#25330,©#411473,£#1143987,§#1382551
¢#0,©#29,§#410235
¢#0,©#157994,§#1391295
¢#0,©#80286,§#9
¢#0,¢#61090,©#4117,§#10
¢#0,¢#39,©#8523,§#209
¢#0,©#3959,§#24
¢#0,©#256726,§#92
¢#0,©#6955,©#41,©#2857,ª#1450307,©#1203821,§#18
¢#0,¢#16,©#4418,ª#173802,©#7764,§#90
¢#0,©#13,§#3578
¢#0,©#678,§#321
¢#0,©#1100022,§#198322
¢#0,¢#1037466,©#19,§#9481
¢#0,©#1056815,ª#86481,§#69840
¢#0,©#2143820,ª#2292,©#107993,§#456
¢#0,©#522674,§#2255332
¢#0,©#5071,§#16
¢#0,©#525128,§#1468932
¤#0,¢#17,©#500849,§#546527
¢#0,©#726,ª#11,ª#84019,©#779191,ª#10,ª#576039,©#641946,©#61127,©#411,§#456086
¢#0,©#17,§#8226
¢#0,©#1309,§#37
¢#0,ª#147664,©#524846,§#8
¢#0,©#12525,§#340349
¢#0,©#467,§#1577
¢#0,©#12,§#83572,©#12474,§#605800
¢#0,©#327367,ª#942169,§#880794
¢#0,©#780564,§#141
¢#0,©#49,§#684419
¢#0,©#19,§#2406288
¢#0,©#1289414,ª#276276,©#1371542,§#12608
¢#0,©#295,ª#14,©#336193,§#176
¢#0,©#690511,§#32
¢#0,©#16,©#37,¨#968264,§#766140
¢#0,©#91475,§#230926
¤#0,¢#31,©#177,§#7
¢#0,©#321608,ª#463,©#25968,§#39
¢#0,¢#20,©#9,§#8993
¢#0,©#10,§#103
¢#0,©#1283693,ª#698477,§#974
¢#0,¢#62215,©#7,ª#22041,©#261389,§#12
¢#0,©#535658,§#71053
¢#0,©#29,§#9443
¢#0,¢#5743,©#11,§#261073
¢#0,©#439640,§#19176
¢#0,©#326316,§#118
¢#0,©#1682,§#92
¤#0,¢#21838,©#495115,§#57
¤#0,¢#9,©#9,§#2159
¢#0,©#22636,§#133
¢#0,©#68,§#590
¢#0,§#7441,§#0
¢#0,¢#17,©#80704,§#1044
¢#0,¢#15898,§#121
¢#0,©#25088,§#37
¢#0,©#257786,ª#8635,§#1721861
¢#0,©#61681,§#390
¢#0,©#4519,§#539
¢#0,©#326924,§#1390884
¢#0,©#11251,§#8704
¢#0,©#167187,§#1214144
¢#0,©#515212,§#9
¢#0,©#263898,ª#43,©#197861,§#14
¢#0,©#1588,§#14,©#89530,ª#2415,©#428391,§#91
©#0,§#83119
¢#0,§#70111
¢#0,©#58777,§#369604
¢#0,©#1807045,§#2766
¢#0,©#9,§#33114
¢#0,©#25,§#85498
¢#0,¢#1196232,©#7,§#271019
¢#0,©#12,§#1032112,§#1202770
¢#0,§#88535
¢#0,©#606380,§#152440
¢#0,©#2394760,§#720209
¢#0,©#265833,ª#860443,§#1558891
¢#0,©#1297364,ª#256735,§#177367
¤#0,¢#357,©#544,ª#62,©#21440,ª#38,©#62435,§#355
¤#0,¢#1398,©#129,§#2451
¢#0,¢#36,©#316,§#1247
¢#0,¢#15422,©#274,§#9
¢#0,©#12,§#139
¢#0,§#338183
¢#0,©#1417,§#13
¢#0,©#338751,§#1283116
¤#0,¢#75,©#8,§#216
¢#0,©#518658,§#346760
¢#0,©#5138,§#77
¢#0,©#87143,§#4734,©#944895,§#1407906
¢#0,ª#419171,©#191205,§#774385
¢#0,¢#15,©#183936,§#443441
¢#0,©#15142,ª#9482,©#409312,§#14190
¢#0,©#519865,ª#18,©#517131,§#12
¢#0,©#10,§#1234
¢#0,©#29,ª#4952,©#70702,§#35
¢#0,©#1561,§#60164
¢#0,©#10,§#427
¢#0,©#82390,§#7656
¢#0,©#79,§#22155,©#418415,ª#9,©#32,§#4
¢#0,©#17801,§#350898
¢#0,©#15,§#4244
¢#0,©#28,§#1618353
¢#0,©#1206954,ª#89,©#2655949,§#12
¤#0,¢#186,©#1808908,§#181669
¢#0,¢#4262,©#574836,§#375
¢#0,©#21,§#4286
¢#0,©#22,ª#2502,©#14519,§#96
¢#0,©#41,§#347159
¢#0,©#27,§#2075
¢#0,©#25,§#301
¢#0,©#1793,ª#69213,©#361828,§#13
¢#0,©#23,§#2054
¢#0,©#72956,§#1643766
¢#0,©#694583,§#52
¤#0,¢#593513,¢#611613,©#18,ª#3554,©#259165,§#7
¢#0,©#9,§#1409
¢#0,©#1155,§#291
¢#0,¢#414209,©#25536,§#486958,§#2
¢#0,©#1364329,§#88
¢#0,©#23,§#3627
¢#0,¢#18,©#492636,ª#541196,§#2066232
¢#0,¢#12,©#9,§#109639
¢#0,©#35,§#16075
¢#0,©#8379,§#514,§#0,§#906,©#1884,§#501665
¢#0,©#191,§#96536
¢#0,©#173923,§#9
¢#0,©#23991,©#1288477,ª#2219,§#1100064
¢#0,©#8318,§#2846665
¢#0,§#88
¢#0,©#703711,§#1649647,§#1
¢#0,§#10
¢#0,©#2124,§#29
¢#0,¢#327536,©#11,ª#180300,©#599022,§#58
¢#0,©#86075,§#14132
ª#0,§#104197
¤#0,¢#4441,©#16,§#436
¢#0,©#19,ª#82267,§#1815401
¢#0,©#15,§#861
¢#0,©#8,§#412724
¢#0,©#325,ª#17,©#258710,ª#423183,©#807450,§#22
¢#0,©#795215,§#1027397
¢#0,©#34,ª#1268315,©#9424,§#10
¢#0,©#26,§#2750
¢#0,©#65378,§#8405
¢#0,©#47,ª#328805,§#1487768
¢#0,©#486165,ª#10417,©#2358,§#9
¢#0,©#95559,§#437
¢#0,§#25
¢#0,©#20,§#1377678
¢#0,¢#47,©#7,ª#1289364,©#1225755,§#8
¢#0,©#229506,§#185278
¢#0,©#11443,ª#328284,©#1212484,§#7
¢#0,©#290,§#11
¢#0,©#23,ª#5368,©#347696,ª#15,©#251507,ª#7309,©#255891,§#2119
¢#0,©#12,§#764917
¢#0,©#9402,§#13649
¢#0,¢#1213234,©#7,§#6,©#8870,§#9
¤#0,¢#42,©#1114422,ª#87,©#182897,§#15
¢#0,¢#498573,©#7,§#1827249
¢#0,©#14255,§#953,§#503101
¢#0,©#1144824,§#1001
¢#0,§#1162
¢#0,¢#84022,©#8440,§#1774
¢#0,©#247,§#1487485
¢#0,©#17,§#4215
¢#0,©#300,§#104
¢#0,©#20,§#17,©#165506,§#1660404
¢#0,©#1056,§#66
¢#0,©#634169,§#409477
¢#0,©#33,§#2692
¢#0,©#8,§#952312
¢#0,©#19,§#691
¢#0,©#13560,§#5863
¢#0,©#46,§#19342
¢#0,©#679722,§#4352
¢#0,©#82538,§#914
¢#0,¢#1881,©#3918,§#1184
¢#0,©#319494,ª#539407,§#419754
¢#0,©#63734,ª#79098,©#442463,ª#2809,©#1119441,§#5
¢#0,¢#336,©#2768842,§#1416,§#15,§#4
¢#0,©#1009994,ª#19200,§#1985841
¢#0,©#15727,§#23
¢#0,©#18,§#10328
¢#0,©#504911,ª#98245,©#2913302,§#11
¢#0,¢#319543,©#182133,§#29
¢#0,©#331142,§#2096039
¢#0,©#2591576,§#1959
¢#0,©#11177,§#679
¢#0,©#1400,§#310
¢#0,©#253835,§#114613
¢#0,©#24,§#5
¢#0,¢#20,©#412114,§#1224622
¢#0,©#524485,ª#172709,©#412857,§#35
¢#0,©#1215626,§#63
¢#0,©#14,§#95
¢#0,©#404107,§#1002
¢#0,¢#2973,¢#81569,©#271824,§#99
¢#0,©#83,§#121
¢#0,©#496509,§#364
¢#0,©#67248,§#91
¤#0,¢#340431,©#6484,§#15,©#72647,ª#77548,©#3019807,§#6
¢#0,©#1147835,§#323360
¢#0,©#10013,§#161539
¢#0,¢#15,©#1043968,ª#9,©#80691,§#10170
¢#0,©#187,§#3033017
¢#0,©#39,ª#1255,©#348,ª#19,©#74021,§#9,©#1291714,ª#4469,©#1577704,§#11
¢#0,©#423589,§#721204
¢#0,©#7487,§#9,©#23,ª#7,©#341935,§#27
¢#0,¢#40,¢#1122598,©#7,ª#496,©#429857,§#430
¢#0,©#53,§#81
¢#0,¢#29,©#8,§#232678
¢#0,©#89,§#3437895
¢#0,©#15,©#37,§#196041
¢#0,©#9812,ª#16,ª#1,©#409895,§#64
¢#0,©#22,§#6272
¢#0,©#67244,ª#11,ª#10026,©#250301,§#39
¢#0,©#2466,ª#274264,ª#423931,§#1391519
¢#0,©#113052,§#264
¢#0,©#97,©#8973,§#1122343
¢#0,©#58073,ª#28149,§#1200347
¤#0,¢#20,©#1258,§#171305
¢#0,©#11,©#51,©#607143,§#423706
¢#0,©#63,§#1799723
¢#0,©#632,§#1823230
¢#0,©#159,§#106
¢#0,©#73,ª#600608,©#427817,§#13,©#506122,§#256674
¢#0,©#26,§#26455
¢#0,©#282749,§#241417,©#2493,§#102989
¢#0,©#24,§#465
¢#0,©#6207,§#726,©#5250,§#73984
¢#0,©#788,§#603
¢#0,©#1820115,§#113
¢#0,©#795779,§#1016
¢#0,¢#142798,¢#0,©#6,ª#9824,©#344137,ª#9,©#104594,§#15
¢#0,©#83047,§#15
¢#0,©#12258,§#580
¢#0,©#337540,§#1204575
¢#0,¢#20,©#193261,§#404
¢#0,©#110226,§#39
¢#0,©#303,ª#327,©#15644,§#6089
¢#0,©#43,ª#1198971,ª#18894,§#1388013
¢#0,©#20,©#944,§#524008
¢#0,©#1312,§#67313
¢#0,¢#77546,©#2355,§#83
¢#0,¢#540,¢#662653,©#698765,ª#11,©#541753,§#11
¢#0,©#3617,§#14000
¢#0,©#173665,§#1311
¢#0,©#165011,§#434537,©#242195,§#7267
¢#0,©#11493,§#80
¢#0,©#23,§#11139
¢#0,©#1026,§#11070
¢#0,©#1906,§#425897
¢#0,§#61
¢#0,©#936621,§#2261912
¢#0,©#443094,ª#81067,ª#674999,§#428452
¢#0,©#37,ª#23,©#1392,§#22
¢#0,©#12,§#2175
¢#0,©#404690,§#18
¢#0,©#622346,§#77277
¢#0,©#63,§#110
¢#0,©#15357,ª#319062,©#622296,§#19
¢#0,©#339249,§#6293
¢#0,§#6139
¤#0,¢#5544,©#5570,§#567
¢#0,¢#614469,©#583443,§#3097
¢#0,¢#2162749,©#11,§#412477
¢#0,©#143089,§#15
¢#0,©#30,§#13857
¢#0,©#233,ª#13103,©#866902,§#8
¢#0,©#26,§#248677
¢#0,©#13,§#6
¤#0,¢#2898,©#7431,§#2848
¢#0,©#5245,§#1009
¢#0,©#3844,§#9
¢#0,ª#90720,§#332485
¢#0,©#79925,ª#119,©#6660,§#16905
¢#0,©#13,§#331
¢#0,©#9,§#91664
¢#0,©#186117,ª#332521,§#776116
¢#0,©#26,ª#1375621,ª#1,©#22,ª#5866,©#334463,£#18,§#9063
¢#0,©#11122,§#76450
¢#0,©#3122,§#62
¢#0,©#515038,§#80
¢#0,©#209,§#144
¢#0,©#694402,§#211,§#0
¢#0,©#109,§#434970
¢#0,©#2719,§#28348
¢#0,§#80582
¢#0,¢#14,©#518658,§#645
¢#0,©#243277,§#173758
¢#0,©#2040,©#30,©#593883,§#284925
¢#0,©#55238,§#106327
¢#0,©#181391,§#9358
¢#0,©#279723,§#320286
¢#0,©#15,ª#49,©#846494,ª#9,©#680013,§#14
¢#0,¢#184,©#2844756,ª#7,©#438172,§#6
¤#0,¢#45,¢#4,©#172,§#3776
¢#0,©#424868,§#180522,§#18
¢#0,©#49,ª#169569,©#1915448,§#9
¢#0,©#78,§#1854
¢#0,©#328209,§#685663
¢#0,©#29,ª#21735,©#852297,§#11
¢#0,©#22,§#68702
¢#0,©#1702876,§#5
¢#0,©#12564,§#12
¢#0,©#3313,§#1141
¢#0,©#10,ª#3765,§#3028404
¢#0,©#8,§#8520
¢#0,©#26,§#1951
¢#0,©#61890,ª#86961,§#1477477
¢#0,©#9,§#70073
¢#0,§#100
¢#0,©#46,§#15499
¢#0,§#47
¢#0,©#96557,§#597693
¢#0,©#227685,ª#9199,§#258070
¢#0,©#441370,§#279303
¢#0,©#228,§#349245
¢#0,©#78609,§#21281
¢#0,©#1197963,ª#5904,§#5577
¢#0,©#54949,§#9
¢#0,¢#2843659,§#2955
¢#0,©#2356,ª#3726,§#336685
¢#0,©#77448,§#68025
¢#0,©#510699,§#79899
¢#0,©#12327,§#56
¢#0,©#57378,ª#612,©#1208717,ª#35,§#84704
¢#0,©#22,§#95206
¢#0,©#18340,ª#1350,§#407846
¢#0,©#257845,§#6611,§#0
¢#0,©#86858,§#253979
¢#0,§#96796
¢#0,©#7,§#2937
¢#0,©#22,ª#1185,§#62697
¢#0,©#54312,§#264537
¢#0,©#1745925,§#217
¢#0,©#157,§#31
¤#0,©#190,§#971
¢#0,©#579212,§#263204
¢#0,©#22,§#8329
¢#0,§#159739,§#1
¢#0,©#510634,§#13292
¢#0,©#521021,§#1208554
¢#0,©#76697,§#23655
¢#0,©#115,§#18
¢#0,©#1209973,§#328195
¢#0,©#1739,ª#8737,§#698359
¢#0,©#266613,§#1261
¢#0,©#284819,§#813
¢#0,©#9145,§#63682
¢#0,©#159933,§#74993
©#0,§#1561779
¢#0,©#15,§#253187
¢#0,©#84647,§#48
¢#0,©#95305,ª#156,§#89413
¢#0,§#36,§#1
¢#0,©#66150,§#1506
¢#0,©#58149,§#513
¢#0,©#10,§#153614
¢#0,©#4203,§#64599
¢#0,©#14,§#280
¢#0,©#57846,§#466
¢#0,©#228774,§#12325
¢#0,©#9,§#239999,§#0
¢#0,©#20331,ª#63344,§#2517532
¢#0,©#142,§#25
¢#0,©#552,§#457489
¢#0,©#120,§#9947,§#1
¢#0,©#358944,§#167062
¢#0,©#69306,ª#1134096,§#258626
¢#0,©#8,§#189250,§#0
¢#0,©#537281,§#2832302
¢#0,©#8,¥#25637,§#1455659
¢#0,©#2196,§#241187
¢#0,©#3742,§#3026865
¢#0,¢#58,©#85214,ª#495933,§#1300777
¢#0,§#56168
¢#0,§#236904,§#0
¢#0,©#2066,§#106129
¢#0,©#314466,ª#358478,§#2088705
¢#0,©#55252,§#23352
¢#0,©#13,§#80120
¢#0,©#155662,§#1134200
¢#0,©#26,§#1580806,§#0
¢#0,¢#743,©#62835,§#116296
¢#0,©#84862,§#2690437
¢#0,©#65161,£#825,¥#3709566,§#88094
¢#0,©#11,ª#600963,§#3007890
¢#0,©#594006,§#516165
¢#0,©#9,§#501
¢#0,©#1199713,§#433813,§#1
¢#0,©#17,§#521648
¢#0,©#3090,§#606485
¢#0,©#22,ª#7842,§#2151906
¢#0,©#3165,§#1667
¢#0,©#18031,ª#576329,§#720443
¢#0,©#21,§#74450
¢#0,§#1272
¢#0,©#6119,§#65680
¢#0,©#16,ª#108855,§#95266
¢#0,©#1944,§#6179
¢#0,©#21,ª#6053,§#91066
¢#0,©#44,ª#89533,§#605597
¢#0,©#56089,§#114745
¢#0,©#171155,§#684271
¢#0,©#249718,§#115185
¢#0,©#671108,§#2494
¢#0,©#1324,ª#629052,§#1894947
¢#0,©#235660,§#145
¢#0,©#59674,§#519210
¢#0,©#34,§#339947
¢#0,©#35,£#72612,§#3310034
¢#0,©#31,§#13904
¢#0,©#57252,§#175116
©#0,§#883459
¢#0,©#10,§#78060
¢#0,©#256444,§#342981
¢#0,¢#517,§#61833
¢#0,©#82938,§#18485
¢#0,©#1282,§#1794
¢#0,©#7,§#2482
¢#0,©#4053,§#95323
¢#0,©#8,§#20953
¢#0,©#7134,§#606366
¢#0,©#16,§#17199
¢#0,§#8560,§#306
¢#0,©#109971,§#2054086
¢#0,©#146244,§#1088
¢#0,©#67862,§#9353
¢#0,©#178348,§#345486
¢#0,©#177,§#7092
¢#0,¢#12422,©#9,§#672827
¢#0,©#16984,§#411324
¢#0,©#10,ª#1034583,§#61170,§#2
¢#0,©#982,§#1305561
¢#0,©#241704,§#101151
¢#0,©#2073,©#58,ª#361721,§#247829
¢#0,©#240412,§#1633015
¢#0,©#1121774,§#500804
¢#0,©#150969,§#14
¢#0,©#447205,§#73906
¢#0,©#2340,§#22629
¢#0,©#77809,ª#159609,§#14505
¢#0,©#48,ª#978521,§#164235
¢#0,§#78,§#0
¢#0,©#16739,§#338039
¢#0,©#2995,§#161026
¢#0,©#81113,§#1064337
¢#0,©#14,§#5098
¢#0,©#634,ª#610911,§#59070
¢#0,©#333990,§#24901
¢#0,©#555,ª#198271,§#1613298
¢#0,©#97618,ª#354,§#583634
¢#0,©#66234,§#18592
¢#0,©#90358,ª#104400,©#1031364,ª#66,§#761314,§#3
¢#0,©#9,§#154099
¢#0,©#444299,§#3453
¢#0,©#79548,§#183062
¢#0,§#201765,§#49
¢#0,©#4172,§#244208
¢#0,©#21,§#161922,§#0
¢#0,©#30,¥#1133903,§#168462
¢#0,©#377,ª#85905,§#956918
¢#0,©#37,§#268089
¢#0,©#79812,§#162
¢#0,©#241590,§#1389604
¢#0,©#259294,§#8240
¢#0,©#26,§#60309
¢#0,©#190401,§#127
¢#0,©#59841,§#359460
¢#0,©#9,§#164574,§#1
¢#0,©#74446,§#88959
¢#0,©#7912,ª#2652,§#319537
¢#0,©#249991,ª#605119,§#1285586,§#20
¢#0,©#19,ª#1149095,§#588494
¢#0,©#14230,§#1094
¢#0,©#8,ª#82630,©#3434,§#162456
¢#0,©#79425,§#1208
¢#0,©#2469,§#99573
¢#0,©#7,§#510756
¢#0,©#6286,§#15411
¢#0,©#17,§#11268
¢#0,©#24,ª#1299667,§#440224
¢#0,©#12,§#2143
¢#0,©#57305,§#603266
¢#0,©#87022,§#10074
¢#0,©#272621,§#261935
¢#0,¢#101696,©#13,§#166744
¢#0,©#1371828,§#1129717
¢#0,©#511991,ª#674136,§#616413
¢#0,©#2532775,§#574444
¢#0,©#62,§#526181
¢#0,©#158869,§#11695,§#0
¢#0,§#2138
¢#0,©#9716,§#447802
¢#0,©#125,§#711359
¢#0,©#7766,§#589133,§#1
¢#0,©#816,§#81080
¢#0,©#12,§#14429
¢#0,©#149989,ª#1046082,ª#706147,§#1294299
¢#0,©#85257,§#2418003
¢#0,©#9,§#11071
¢#0,©#2031,§#83669
¢#0,©#8,§#19802
¢#0,©#23,¥#518008,§#2524961
¢#0,§#253959
¢#0,©#14533,§#15
¢#0,©#14387,§#149215
¢#0,ª#56,©#449,§#3309,§#1
¢#0,©#168741,§#8094
¢#0,§#22
¢#0,§#81245
¢#0,©#2635,§#537
¢#0,©#2991,§#23281
¢#0,©#519277,§#62012
¢#0,©#524,§#24200
¢#0,©#257353,§#285151
¢#0,©#10,§#3798910
¢#0,©#3565,§#25576
¢#0,©#98715,ª#5556,§#517917
¢#0,©#250458,ª#4135,§#109869
¢#0,©#14,§#606758
¢#0,©#363363,§#1396
¢#0,§#5005
¢#0,©#26,§#3625
¢#0,©#22,§#3478,§#1
¢#0,©#250696,§#10447
¢#0,©#12,§#211
¢#0,©#9,§#61331
¢#0,©#100,§#1372680
¢#0,©#1608,§#834
¢#0,§#1400
¢#0,©#5989,§#419496
¢#0,©#13254,ª#413045,§#1560659
¢#0,ª#2506111,§#699297
¢#0,§#244349,§#0
¢#0,©#140605,§#1318158
¢#0,§#1535439
¢#0,©#83162,ª#71839,§#9296
¢#0,©#10,§#7592
¢#0,©#662340,ª#25610,§#750674
¢#0,©#1883,§#194510
¢#0,©#151848,§#455159
¢#0,©#9,§#939887
¢#0,©#14900,§#81
¢#0,©#12,§#420727
¢#0,©#197,§#335831
¢#0,©#342163,§#2942147
¢#0,©#19,ª#3521,§#170539
¢#0,©#10,§#614965
¢#0,©#5835,§#188128
¢#0,©#83111,§#4802
¢#0,©#61630,ª#1292866,§#27536
¢#0,©#149881,§#86564
¢#0,©#12268,§#4535
¢#0,©#7782,ª#504818,©#197446,§#335086
¢#0,©#90244,§#87663
¢#0,©#12939,§#7740
¢#0,©#981,§#1587
